doctor_name,designation,department,qualification,experience,language,specialization,description,profile_url
Dr. Ashok Kumar Agarwal,Professor Emeritus,Internal Medicine,"MD, MAMS, FICP, FRCP(Ed), FACP (USA), FIACM, FIMSA, FIAMS, FGSI",40+ years experience,"English ,Hindi A.K. Agarwal is a highly experienced doctor with a wealth of knowledge in the field of internal medicine. He has been working in the discipline for over four decades. He is currently associated with Sharda Hospital, Greater Noida, Uttar Pradesh as Emeritus Professor of Medicine.","About A.K. Agarwal is a highly experienced doctor with a wealth of knowledge in the field of internal medicine. He has been working in the discipline for over four decades. He is currently associated with Sharda Hospital, Greater Noida, Uttar Pradesh as Emeritus Professor of Medicine.","Find a Doctor International Patients Covid Vaccination Patient & Visitors Patient Portal Blog Centre Of Excellence Institute of Renal Sciences & Transplant Institute of Neuro Sciences Institute of Dental Sciences Institute of Critical Care & Anesthesiology Institute of Cardiology Institute of Child Care Institute of Minimal Access Surgery Institute of IVF Institute of Orthopedic & Spine Institute of Oncology Institute of Plastic Aesthetic Surgery Institute of Rheumatology Specialities ENT and Head & Neck Surgery Radio Diagnosis Gynaecology & Obstetrics Physiotherapy Laparoscopic Surgery Internal Medicine Respiratory Medicine and Tuberculosis Ophthalmology Dermatology, Venereology & Leprosy Nutrition & Dietetics Pulmonology Medical Package More Make Appointment Health Library Media Coverage Awards & Accreditations Centre of Excellence Contact Careers Find a Doctor International Patients Get A Second Opinion Patient Stories +91-8447333999 +91-120-2333999 Specialities Centre Of Excellence Institute of Renal Sciences & Transplant Institute of Neuro Sciences Institute of Dental Sciences Institute of Critical Care & Anesthesiology Institute of Cardiology Institute of Child Care Institute of Orthopedic & Spine Institute of Oncology Institute of Plastic Aesthetic Surgery Institute of Rheumatology Institute of Minimal Access Surgery Institute of IVF Specialities ENT and Head & Neck Surgery Radio Diagnosis Gynaecology & Obstetrics Physiotherapy Ophthalmology Dermatology, Venereology & Leprosy Laparoscopic Surgery Internal Medicine Respiratory Medicine and Tuberculosis Nutrition & Dietetics Pulmonology Find a Doctor International Patients Covid Vaccination Make Appointment About Us About Us Empanelments Leadership Health Packages Health Library News & Events Events Media Coverage Awards & Accreditations Circulars Career",https://www.shardahospital.org/doctor/dr-ashok-kumar-aggarwal
Dr. Ram Murti Sharma,Medical Superintendent,Institute of Critical Care,"MD, DNB, MNAMS, PGDHCM",38+ Year,"Hindi Dr. Ram Murti Sharma is a highly experienced medical professional with a wealth of knowledge in Critical Care Medicine. Currently serving as the Medical Superintendent of Sharda Hospital and a Professor of Anesthesiology & Critical Care Medicine, he brings 34 years of valuable experience from his service with the Armed Forces Medical Services. Dr. Sharma has also served as an examiner for MD, DNB, and DM examinations. Additionally, he is a recognized teacher affiliated with Delhi University, MUSH Nashik, and RGUHS Bengaluru.","About Dr. Ram Murti Sharma is a highly experienced medical professional with a wealth of knowledge in Critical Care Medicine. Currently serving as the Medical Superintendent of Sharda Hospital and a Professor of Anesthesiology & Critical Care Medicine, he brings 34 years of valuable experience from his service with the Armed Forces Medical Services. Dr. Sharma has also served as an examiner for MD, DNB, and DM examinations. Additionally, he is a recognized teacher affiliated with Delhi University, MUSH Nashik, and RGUHS Bengaluru.","Find a Doctor International Patients Covid Vaccination Patient & Visitors Patient Portal Blog Centre Of Excellence Institute of Renal Sciences & Transplant Institute of Neuro Sciences Institute of Dental Sciences Institute of Critical Care & Anesthesiology Institute of Cardiology Institute of Child Care Institute of Minimal Access Surgery Institute of IVF Institute of Orthopedic & Spine Institute of Oncology Institute of Plastic Aesthetic Surgery Institute of Rheumatology Specialities ENT and Head & Neck Surgery Radio Diagnosis Gynaecology & Obstetrics Physiotherapy Laparoscopic Surgery Internal Medicine Respiratory Medicine and Tuberculosis Ophthalmology Dermatology, Venereology & Leprosy Nutrition & Dietetics Pulmonology Medical Package More Make Appointment Health Library Media Coverage Awards & Accreditations Centre of Excellence Contact Careers Find a Doctor International Patients Get A Second Opinion Patient Stories +91-8447333999 +91-120-2333999 Specialities Centre Of Excellence Institute of Renal Sciences & Transplant Institute of Neuro Sciences Institute of Dental Sciences Institute of Critical Care & Anesthesiology Institute of Cardiology Institute of Child Care Institute of Orthopedic & Spine Institute of Oncology Institute of Plastic Aesthetic Surgery Institute of Rheumatology Institute of Minimal Access Surgery Institute of IVF Specialities ENT and Head & Neck Surgery Radio Diagnosis Gynaecology & Obstetrics Physiotherapy Ophthalmology Dermatology, Venereology & Leprosy Laparoscopic Surgery Internal Medicine Respiratory Medicine and Tuberculosis Nutrition & Dietetics Pulmonology Find a Doctor International Patients Covid Vaccination Make Appointment About Us About Us Empanelments Leadership Health Packages Health Library News & Events Events Media Coverage Awards & Accreditations Circulars Career",https://www.shardahospital.org/doctor/dr-ram-murti-sharma
Dr. Nirupma Gupta Dean,nan,nan,"MS(Anatomy)- Lady Hardinge Medical College, New Delhi, 1999 MBBS- Lady Hardinge Medical College, New Delhi, 1991",20+ years,"English ,Hindi Dr.Nirupma Gupta (MBBS, MS) An alumni of Lady Hardinge Medical College New Delhi is Professor & Head, Dept. of Anatomy, School of Medical Science & Research. A wonderful mentor with a teaching experience of more than 20 years in undergraduate and postgraduate programme. Besides, she has been actively engaged in Research activities for the past two decades. Dr.Nirupma is also Dean of Students Welfare at Sharda University since August 2016. She closely works with students across all departments exploring ways to enhance aspects of the entire students experience from education to student life. Sharda University truly believes in the all-round holistic development of its students and Dr.Nirupma has worked to accomplish it in true sense, by conducting various social and cultural activities and festivals.To entertain the students of different clubs under Sports and Cultural Society, Dr. Nirupma has always been a great helping hand a supporting pillar without whom it would have been impossible to organize the amazing Fests and events like Chorus, Ojasvat, Sharda Cup, Independence Day, Republic Day, Armed Forces Flag Day, Sharda Freshers Party, International Yoga Day, Sangam, and many more. These are the most awaited events of the year which bring a wave of exhilaration among the students. They are annually held to maintain a zestful attitude among the students towards co-curricular activities. Dr. Nirupma, is working with the students of Cultural Society to celebrate cross cultural festivals hosted by foreign and national students together as Sharda University has very large number of international students.",,"Find a Doctor International Patients Covid Vaccination Patient & Visitors Patient Portal Blog Centre Of Excellence Institute of Renal Sciences & Transplant Institute of Neuro Sciences Institute of Dental Sciences Institute of Critical Care & Anesthesiology Institute of Cardiology Institute of Child Care Institute of Minimal Access Surgery Institute of IVF Institute of Orthopedic & Spine Institute of Oncology Institute of Plastic Aesthetic Surgery Institute of Rheumatology Specialities ENT and Head & Neck Surgery Radio Diagnosis Gynaecology & Obstetrics Physiotherapy Laparoscopic Surgery Internal Medicine Respiratory Medicine and Tuberculosis Ophthalmology Dermatology, Venereology & Leprosy Nutrition & Dietetics Pulmonology Medical Package More Make Appointment Health Library Media Coverage Awards & Accreditations Centre of Excellence Contact Careers Find a Doctor International Patients Get A Second Opinion Patient Stories +91-8447333999 +91-120-2333999 Specialities Centre Of Excellence Institute of Renal Sciences & Transplant Institute of Neuro Sciences Institute of Dental Sciences Institute of Critical Care & Anesthesiology Institute of Cardiology Institute of Child Care Institute of Orthopedic & Spine Institute of Oncology Institute of Plastic Aesthetic Surgery Institute of Rheumatology Institute of Minimal Access Surgery Institute of IVF Specialities ENT and Head & Neck Surgery Radio Diagnosis Gynaecology & Obstetrics Physiotherapy Ophthalmology Dermatology, Venereology & Leprosy Laparoscopic Surgery Internal Medicine Respiratory Medicine and Tuberculosis Nutrition & Dietetics Pulmonology Find a Doctor International Patients Covid Vaccination Make Appointment About Us About Us Empanelments Leadership Health Packages Health Library News & Events Events Media Coverage Awards & Accreditations Circulars Career",https://www.shardahospital.org/doctor/dr.-nirupma-gupta
Dr. Pankaj Bansal,Professor,Internal Medicine,"MD (General Medicine) from G.R. Medical College, Gwalior (M.P.) in 2004 MBBS from SP Medical College, Bikaner (Rajasthan), Rajasthan University in 2000. eMBA from Vinayaka Missions Univ, Salem in Hospital Administration, 2010 FISE (Fellowship) from Indian Society of Electrocardiology in 2012 FIACM (Fellowship) in Indian Association of Clinical Medicine in 2012 FIMSA (Fellowship) from International Medical Science Academy in 2012","Bharati Vidyapeeth Medical College & Hospital, Pune as a Asst. Professor from 2005 to 2006 Subharti Medical College & Hospital, Meerut as a Asst. Professor from 2006 to 2007 School of Medical Sciences & Research, Sharda University, Gr. Noida as a Asst. Professor from 2007 to 2010 School of Medical Sciences & Research, Sharda University, Gr. Noida as a Associate Professor from 2010 to 2013 School of Medical Sciences & Research, Sharda University, Gr. Noida as a Professor from 2013 to 2015 Max Multispeciality Hospital, Gr. Noida as a Senior Consultant from 16th May 2015","English ,Hindi","Awards & Achievements Gold Medal and Topper in Pathology & Microbiology BHARAT BHUSHAN Award in 2017 Editor-in-Chief in Journal of Medical Science & Research Associate Editor, Journal of Oral Health & Research Research & Publications More than 20 journals with different National and International journals. Specialization Diabetes, Cardiology, Diseases of Chest More Related Doctors Dr. Ashok Kumar Agarwal Professor Emeritus Book Appointment Dr. Anurag Prasad Professor Book Appointment View all Doctors Find A Doctor Contact Us Plot No. 32-34, Knowledge Park III, Greater Noida, Uttar Pradesh - 201310 +91-8447333999 info@shardahospital.org Quick Links","Find a Doctor International Patients Covid Vaccination Patient & Visitors Patient Portal Blog Centre Of Excellence Institute of Renal Sciences & Transplant Institute of Neuro Sciences Institute of Dental Sciences Institute of Critical Care & Anesthesiology Institute of Cardiology Institute of Child Care Institute of Minimal Access Surgery Institute of IVF Institute of Orthopedic & Spine Institute of Oncology Institute of Plastic Aesthetic Surgery Institute of Rheumatology Specialities ENT and Head & Neck Surgery Radio Diagnosis Gynaecology & Obstetrics Physiotherapy Laparoscopic Surgery Internal Medicine Respiratory Medicine and Tuberculosis Ophthalmology Dermatology, Venereology & Leprosy Nutrition & Dietetics Pulmonology Medical Package More Make Appointment Health Library Media Coverage Awards & Accreditations Centre of Excellence Contact Careers Find a Doctor International Patients Get A Second Opinion Patient Stories +91-8447333999 +91-120-2333999 Specialities Centre Of Excellence Institute of Renal Sciences & Transplant Institute of Neuro Sciences Institute of Dental Sciences Institute of Critical Care & Anesthesiology Institute of Cardiology Institute of Child Care Institute of Orthopedic & Spine Institute of Oncology Institute of Plastic Aesthetic Surgery Institute of Rheumatology Institute of Minimal Access Surgery Institute of IVF Specialities ENT and Head & Neck Surgery Radio Diagnosis Gynaecology & Obstetrics Physiotherapy Ophthalmology Dermatology, Venereology & Leprosy Laparoscopic Surgery Internal Medicine Respiratory Medicine and Tuberculosis Nutrition & Dietetics Pulmonology Find a Doctor International Patients Covid Vaccination Make Appointment About Us About Us Empanelments Leadership Health Packages Health Library News & Events Events Media Coverage Awards & Accreditations Circulars Career",https://www.shardahospital.org/doctor/dr-pankaj-bansal
Dr. Abhinit Kumar,Professor,Department of Psychiatry,"Qualification Year M.D. (Santosh Medical College & Hospital) 2014 DPM (Dr. D.Y. Patil Medical College, Pimpri, Pune) 2009 M.B.B.S( Rajiv Gandhi University of Health Sciences, Bangalore) 2004",Experience Number of Years Assistant Professor (School of Medical Sciences & Research 3 yr 5 months Senior Resident (Vardhman Mahavir Medical College) 2 yr 8 months Total Experience 5 yrs 1 month,"English ,Hindi Dr. Abhinit Kumar is designated as an Assistant Professor at Sharda Hospital. The amount of knowledge and insights he has",About Dr. Abhinit Kumar is designated as an Assistant Professor at Sharda Hospital. The amount of knowledge and insights he has,"Find a Doctor International Patients Covid Vaccination Patient & Visitors Patient Portal Blog Centre Of Excellence Institute of Renal Sciences & Transplant Institute of Neuro Sciences Institute of Dental Sciences Institute of Critical Care & Anesthesiology Institute of Cardiology Institute of Child Care Institute of Minimal Access Surgery Institute of IVF Institute of Orthopedic & Spine Institute of Oncology Institute of Plastic Aesthetic Surgery Institute of Rheumatology Specialities ENT and Head & Neck Surgery Radio Diagnosis Gynaecology & Obstetrics Physiotherapy Laparoscopic Surgery Internal Medicine Respiratory Medicine and Tuberculosis Ophthalmology Dermatology, Venereology & Leprosy Nutrition & Dietetics Pulmonology Medical Package More Make Appointment Health Library Media Coverage Awards & Accreditations Centre of Excellence Contact Careers Find a Doctor International Patients Get A Second Opinion Patient Stories +91-8447333999 +91-120-2333999 Specialities Centre Of Excellence Institute of Renal Sciences & Transplant Institute of Neuro Sciences Institute of Dental Sciences Institute of Critical Care & Anesthesiology Institute of Cardiology Institute of Child Care Institute of Orthopedic & Spine Institute of Oncology Institute of Plastic Aesthetic Surgery Institute of Rheumatology Institute of Minimal Access Surgery Institute of IVF Specialities ENT and Head & Neck Surgery Radio Diagnosis Gynaecology & Obstetrics Physiotherapy Ophthalmology Dermatology, Venereology & Leprosy Laparoscopic Surgery Internal Medicine Respiratory Medicine and Tuberculosis Nutrition & Dietetics Pulmonology Find a Doctor International Patients Covid Vaccination Make Appointment About Us About Us Empanelments Leadership Health Packages Health Library News & Events Events Media Coverage Awards & Accreditations Circulars Career",https://www.shardahospital.org/doctor/dr-abhinit-kumar
Dr. Rajni Ranjan,HOD,Orthopaedics,"Qualification Year M.S. (Orthopedics-G.S.V.M Medical College) 2009 M.B.B.S(V.S.S Medical College, Orissa) 2004","Experience Number of Years Associate Professor (School of Medical Sciences & Research, Sharda Univ) 2 yrs 10 months Asst. Prof (School of Medical Sciences & Research, Sharda Univ) 4 yrs Senior Resident (School of Medical Sciences & Research, Sharda Univ) 1 Yr 3 months Total 8 Yrs 2 months","English Dr. Rajni Ranjan is working as Associate Professor with the School of Medical Sciences and Research, Sharda Hospital since August 2009. He completed his MBBS from VS Medical College, Orissa in 2004 and MS (Orthopaedics) from GSVM Medical college in 2009. After completing his studies, he joined Sharda Hospital as a Senior Resident and has been working here since then.",,"Find a Doctor International Patients Covid Vaccination Patient & Visitors Patient Portal Blog Centre Of Excellence Institute of Renal Sciences & Transplant Institute of Neuro Sciences Institute of Dental Sciences Institute of Critical Care & Anesthesiology Institute of Cardiology Institute of Child Care Institute of Minimal Access Surgery Institute of IVF Institute of Orthopedic & Spine Institute of Oncology Institute of Plastic Aesthetic Surgery Institute of Rheumatology Specialities ENT and Head & Neck Surgery Radio Diagnosis Gynaecology & Obstetrics Physiotherapy Laparoscopic Surgery Internal Medicine Respiratory Medicine and Tuberculosis Ophthalmology Dermatology, Venereology & Leprosy Nutrition & Dietetics Pulmonology Medical Package More Make Appointment Health Library Media Coverage Awards & Accreditations Centre of Excellence Contact Careers Find a Doctor International Patients Get A Second Opinion Patient Stories +91-8447333999 +91-120-2333999 Specialities Centre Of Excellence Institute of Renal Sciences & Transplant Institute of Neuro Sciences Institute of Dental Sciences Institute of Critical Care & Anesthesiology Institute of Cardiology Institute of Child Care Institute of Orthopedic & Spine Institute of Oncology Institute of Plastic Aesthetic Surgery Institute of Rheumatology Institute of Minimal Access Surgery Institute of IVF Specialities ENT and Head & Neck Surgery Radio Diagnosis Gynaecology & Obstetrics Physiotherapy Ophthalmology Dermatology, Venereology & Leprosy Laparoscopic Surgery Internal Medicine Respiratory Medicine and Tuberculosis Nutrition & Dietetics Pulmonology Find a Doctor International Patients Covid Vaccination Make Appointment About Us About Us Empanelments Leadership Health Packages Health Library News & Events Events Media Coverage Awards & Accreditations Circulars Career",https://www.shardahospital.org/doctor/dr-rajni-ranjan
Dr. Anshu Gupta,Professor,nan,MBBS MD,"Professor Dr Baba Saheb Ambedkar Medical College, New Delhi Jan2018-Jan 2021 3yrs Associate Professor &HOD Dr Baba Saheb Ambedkar Medical College, New Delhi April 2015 – Jan2018 2yrs,10m Professor Saraswathi institute of Medical Sciences, Hapur Oct2013 – Jan20 15 1year 3 m Associate Professor Saraswathi institute of Medical Sciences, Hapur. July 2011 – Sept.2013 2years +2m Associate Professor Rama Medical College & Hospital, Kanpur April 2010- May 2011 1year1 m Assistant Professor Rama Medical College & Hospital, Kanpur April 2009- Mar 2010 11 m Assistant Professor Kesar Sal Medical College & Hospital, Ahmedabad Jan 2005- Mar 2009 4 years and 2 m Senior Resident R.B.T.B. Hospital, King’s way camp. Delhi Apr 2003- July 2004 1year and 3 m MD Resident S.N. Medical College & Hospital, Agra Aug 1999- Aug 2002 3 Years","English ,Hindi Incharge - Histopathology section",About Incharge - Histopathology section,"Find a Doctor International Patients Covid Vaccination Patient & Visitors Patient Portal Blog Centre Of Excellence Institute of Renal Sciences & Transplant Institute of Neuro Sciences Institute of Dental Sciences Institute of Critical Care & Anesthesiology Institute of Cardiology Institute of Child Care Institute of Minimal Access Surgery Institute of IVF Institute of Orthopedic & Spine Institute of Oncology Institute of Plastic Aesthetic Surgery Institute of Rheumatology Specialities ENT and Head & Neck Surgery Radio Diagnosis Gynaecology & Obstetrics Physiotherapy Laparoscopic Surgery Internal Medicine Respiratory Medicine and Tuberculosis Ophthalmology Dermatology, Venereology & Leprosy Nutrition & Dietetics Pulmonology Medical Package More Make Appointment Health Library Media Coverage Awards & Accreditations Centre of Excellence Contact Careers Find a Doctor International Patients Get A Second Opinion Patient Stories +91-8447333999 +91-120-2333999 Specialities Centre Of Excellence Institute of Renal Sciences & Transplant Institute of Neuro Sciences Institute of Dental Sciences Institute of Critical Care & Anesthesiology Institute of Cardiology Institute of Child Care Institute of Orthopedic & Spine Institute of Oncology Institute of Plastic Aesthetic Surgery Institute of Rheumatology Institute of Minimal Access Surgery Institute of IVF Specialities ENT and Head & Neck Surgery Radio Diagnosis Gynaecology & Obstetrics Physiotherapy Ophthalmology Dermatology, Venereology & Leprosy Laparoscopic Surgery Internal Medicine Respiratory Medicine and Tuberculosis Nutrition & Dietetics Pulmonology Find a Doctor International Patients Covid Vaccination Make Appointment About Us About Us Empanelments Leadership Health Packages Health Library News & Events Events Media Coverage Awards & Accreditations Circulars Career",https://www.shardahospital.org/doctor/dr-anshu-gupta
Dr. R.K Thapar,Professor and HOD,Pediatrics,MBBS MD (Pediatrics),30+ Years,"English Dr. R. K Thapar is a well-trained and dedicated medical professional with a specialization in the field of Pediatrics. He has a rich and long clinical experience of more than three decades to his credit. He has received long-term training in Neonatology from AIIMS. He has successfully treated numerous patients. He has been widely acknowledged for his versatile and patient-centric approach. Apart from having clinical experience, he also has more than 40 publications & few chapters in 2 books to his credit.","in the field of Pediatrics. He has a rich and long clinical experience of more than three decades to his credit. He has received long-term training in Neonatology from AIIMS. He has successfully treated numerous patients. He has been widely acknowledged for his versatile and patient-centric approach. Apart from having clinical experience, he also has more than 40 publications & few chapters in 2 books to his credit. Book Appointment","Find a Doctor International Patients Covid Vaccination Patient & Visitors Patient Portal Blog Centre Of Excellence Institute of Renal Sciences & Transplant Institute of Neuro Sciences Institute of Dental Sciences Institute of Critical Care & Anesthesiology Institute of Cardiology Institute of Child Care Institute of Minimal Access Surgery Institute of IVF Institute of Orthopedic & Spine Institute of Oncology Institute of Plastic Aesthetic Surgery Institute of Rheumatology Specialities ENT and Head & Neck Surgery Radio Diagnosis Gynaecology & Obstetrics Physiotherapy Laparoscopic Surgery Internal Medicine Respiratory Medicine and Tuberculosis Ophthalmology Dermatology, Venereology & Leprosy Nutrition & Dietetics Pulmonology Medical Package More Make Appointment Health Library Media Coverage Awards & Accreditations Centre of Excellence Contact Careers Find a Doctor International Patients Get A Second Opinion Patient Stories +91-8447333999 +91-120-2333999 Specialities Centre Of Excellence Institute of Renal Sciences & Transplant Institute of Neuro Sciences Institute of Dental Sciences Institute of Critical Care & Anesthesiology Institute of Cardiology Institute of Child Care Institute of Orthopedic & Spine Institute of Oncology Institute of Plastic Aesthetic Surgery Institute of Rheumatology Institute of Minimal Access Surgery Institute of IVF Specialities ENT and Head & Neck Surgery Radio Diagnosis Gynaecology & Obstetrics Physiotherapy Ophthalmology Dermatology, Venereology & Leprosy Laparoscopic Surgery Internal Medicine Respiratory Medicine and Tuberculosis Nutrition & Dietetics Pulmonology Find a Doctor International Patients Covid Vaccination Make Appointment About Us About Us Empanelments Leadership Health Packages Health Library News & Events Events Media Coverage Awards & Accreditations Circulars Career",https://www.shardahospital.org/doctor/dr-r-k-thapar
Dr. Vikram Singh Chauhan,Professor and HOD,nan,"Qualification Year M.B.B.S(R.N.T medical College) 1988 M.S. (Surgery,R.N.T medical College) 2002 Fellowship of Indian Association of Gastrointestinal Endosurgeons 2016",Total of 15 years Sharda for past 10 years,"English ,Hindi Dr. Vikram Singh Chauhan is titled and designated as Professor at Sharda Hospital. He has been working in the hospital since its inception. With over total experience of 15 years, Dr. Chauhan joined as Assistant Professor. Subsequently, he was promoted to the post of Professor.Apart from being a member of various surgical societies, his clinical interest is in breast, parotid and thyroid surgeries. Dr. Chauhan has published research papers in all key surgical papers and has presented journals and attended various conferences all over the world.","About Dr. Vikram Singh Chauhan is titled and designated as Professor at Sharda Hospital. He has been working in the hospital since its inception. With over total experience of 15 years, Dr. Chauhan joined as Assistant Professor. Subsequently, he was promoted to the post of Professor.Apart from being a member of various surgical societies, his clinical interest is in breast, parotid and thyroid surgeries. Dr. Chauhan has published research papers in all key surgical papers and has presented journals and attended various conferences all over the world. Memberships Member of ASI Member of IAGES Research & Publications Acute osteomyelitis associated with Deep vein thrombosis in a patient of acute abdomen: A diagnostic dilemma. Journal of Clinical Orthopedics and trauma 3 (2012) 112-114. Xanthogranulomatous Cholecystitis: Challenges in Management & Feasibility of Laparoscopic Surgery. Int J Med Res Health Sci. 2013; 2(2):212-216. Post pubertal cryptorchidism in developing countries: Fertility outcomes and challenges in management. Indian Journal of Public Health Research & Development: Year: 2015, Volume: 6, Issue: 2 Comparison of efficacy and tolerance of short- duration open-ended ureteral catheter drainage and Tamsulosin administration to indwelling double J stents following ureteroscopy removal of stones. Hong Kong Med J.2015 Apr;21(2):124-30. Jejunal Diverticular Perforation: An atypical presentation of Acute Abdomen: A retrospective analysis. International Journal of Contemporary Surgery, Jan-June 2017, Vol.5, No.1. Can persistent post-operative antibiotic prophylaxis 45 following elective laparoscopic cholecystectomy be 6 completely done away with in the Indian setting? A prospective randomised study. Journal of Minimal Access Surgery 2017. Specialization General and Basic Min. Access Surgery More Related Doctors View all Doctors Find A Doctor Contact Us Plot No. 32-34, Knowledge Park III, Greater Noida, Uttar Pradesh - 201310 +91-8447333999 info@shardahospital.org Quick Links","Find a Doctor International Patients Covid Vaccination Patient & Visitors Patient Portal Blog Centre Of Excellence Institute of Renal Sciences & Transplant Institute of Neuro Sciences Institute of Dental Sciences Institute of Critical Care & Anesthesiology Institute of Cardiology Institute of Child Care Institute of Minimal Access Surgery Institute of IVF Institute of Orthopedic & Spine Institute of Oncology Institute of Plastic Aesthetic Surgery Institute of Rheumatology Specialities ENT and Head & Neck Surgery Radio Diagnosis Gynaecology & Obstetrics Physiotherapy Laparoscopic Surgery Internal Medicine Respiratory Medicine and Tuberculosis Ophthalmology Dermatology, Venereology & Leprosy Nutrition & Dietetics Pulmonology Medical Package More Make Appointment Health Library Media Coverage Awards & Accreditations Centre of Excellence Contact Careers Find a Doctor International Patients Get A Second Opinion Patient Stories +91-8447333999 +91-120-2333999 Specialities Centre Of Excellence Institute of Renal Sciences & Transplant Institute of Neuro Sciences Institute of Dental Sciences Institute of Critical Care & Anesthesiology Institute of Cardiology Institute of Child Care Institute of Orthopedic & Spine Institute of Oncology Institute of Plastic Aesthetic Surgery Institute of Rheumatology Institute of Minimal Access Surgery Institute of IVF Specialities ENT and Head & Neck Surgery Radio Diagnosis Gynaecology & Obstetrics Physiotherapy Ophthalmology Dermatology, Venereology & Leprosy Laparoscopic Surgery Internal Medicine Respiratory Medicine and Tuberculosis Nutrition & Dietetics Pulmonology Find a Doctor International Patients Covid Vaccination Make Appointment About Us About Us Empanelments Leadership Health Packages Health Library News & Events Events Media Coverage Awards & Accreditations Circulars Career",https://www.shardahospital.org/doctor/dr-vikram-singh-chauhan
Dr. Subhendu Mohanty,Head & Senior Consultant,Department of Cardiology,"MBBS, MD-Internal Medicine, DM-Cardiology",22+ Years,"English ,Hindi Dr. Subhendu Mohanty of Sharda Hospital Greater Noida is one of the most renowned Cardiologists in Delhi, NCR. Dr. Subhendu Mohanty has almost 22 years of relevant professional experience. His area of interest lies in Cardiovascular Intervention and Imaging. Dr. Mohanty is a member of major medical societies and has published various articles in India and abroad. He is committed to raising health awareness and living a healthy lifestyle. His sensitive patient care and lifestyle advocacy have aided in the recovery of several people suffering from various diseases.","About Dr. Subhendu Mohanty of Sharda Hospital Greater Noida is one of the most renowned Cardiologists in Delhi, NCR. Dr. Subhendu Mohanty has almost 22 years of relevant professional experience. His area of interest lies in Cardiovascular Intervention and Imaging. Dr. Mohanty is a member of major medical societies and has published various articles in India and abroad. He is committed to raising health awareness and living a healthy lifestyle. His sensitive patient care and lifestyle advocacy have aided in the recovery of several people suffering from various diseases.","Find a Doctor International Patients Covid Vaccination Patient & Visitors Patient Portal Blog Centre Of Excellence Institute of Renal Sciences & Transplant Institute of Neuro Sciences Institute of Dental Sciences Institute of Critical Care & Anesthesiology Institute of Cardiology Institute of Child Care Institute of Minimal Access Surgery Institute of IVF Institute of Orthopedic & Spine Institute of Oncology Institute of Plastic Aesthetic Surgery Institute of Rheumatology Specialities ENT and Head & Neck Surgery Radio Diagnosis Gynaecology & Obstetrics Physiotherapy Laparoscopic Surgery Internal Medicine Respiratory Medicine and Tuberculosis Ophthalmology Dermatology, Venereology & Leprosy Nutrition & Dietetics Pulmonology Medical Package More Make Appointment Health Library Media Coverage Awards & Accreditations Centre of Excellence Contact Careers Find a Doctor International Patients Get A Second Opinion Patient Stories +91-8447333999 +91-120-2333999 Specialities Centre Of Excellence Institute of Renal Sciences & Transplant Institute of Neuro Sciences Institute of Dental Sciences Institute of Critical Care & Anesthesiology Institute of Cardiology Institute of Child Care Institute of Orthopedic & Spine Institute of Oncology Institute of Plastic Aesthetic Surgery Institute of Rheumatology Institute of Minimal Access Surgery Institute of IVF Specialities ENT and Head & Neck Surgery Radio Diagnosis Gynaecology & Obstetrics Physiotherapy Ophthalmology Dermatology, Venereology & Leprosy Laparoscopic Surgery Internal Medicine Respiratory Medicine and Tuberculosis Nutrition & Dietetics Pulmonology Find a Doctor International Patients Covid Vaccination Make Appointment About Us About Us Empanelments Leadership Health Packages Health Library News & Events Events Media Coverage Awards & Accreditations Circulars Career",https://www.shardahospital.org/doctor/dr-subhendu-mohanty
Dr. Vishal Gupta,Professor and HOD,ENT,Qualification Year M .D. (University of Delhi) 2001 M.B.B.S (University of Delhi) 1994,"Experience Number of Years Professor (School of Medical Sciences & Research) 7 months Associate Professor (School of Medical Science & Research) 3 yrs 4 months Assistant Professor (School of Medical Science & Research, Sharda University) 5 yrs Consultant (Apollo Hospital) 5 yrs Senior Resident (lady Hardigne Medical College) 1.5 yrs Total Experience 16 yrs","English ,Hindi Dr. Vishal Gupta is a highly reputable Professor at Sharda Hospital. He joined Sharda University in 2008 as Assistant Professor in Department of Radiology. Later, he was promoted to Associate Professor and is now working as a full-time Professor and postgraduate teacher in the department. Dr. Gupta completed MBBS from University College of Medical Sciences (Delhi University) in 1994 and MD Radiology from Lady Hardinge Medical College (Delhi University) in 2001. Thereafter, he had a rich experience in teaching and clinical Radiology during the senior residency at LHMC, Delhi. He has many publications in national and international journals to his credit.",,"Find a Doctor International Patients Covid Vaccination Patient & Visitors Patient Portal Blog Centre Of Excellence Institute of Renal Sciences & Transplant Institute of Neuro Sciences Institute of Dental Sciences Institute of Critical Care & Anesthesiology Institute of Cardiology Institute of Child Care Institute of Minimal Access Surgery Institute of IVF Institute of Orthopedic & Spine Institute of Oncology Institute of Plastic Aesthetic Surgery Institute of Rheumatology Specialities ENT and Head & Neck Surgery Radio Diagnosis Gynaecology & Obstetrics Physiotherapy Laparoscopic Surgery Internal Medicine Respiratory Medicine and Tuberculosis Ophthalmology Dermatology, Venereology & Leprosy Nutrition & Dietetics Pulmonology Medical Package More Make Appointment Health Library Media Coverage Awards & Accreditations Centre of Excellence Contact Careers Find a Doctor International Patients Get A Second Opinion Patient Stories +91-8447333999 +91-120-2333999 Specialities Centre Of Excellence Institute of Renal Sciences & Transplant Institute of Neuro Sciences Institute of Dental Sciences Institute of Critical Care & Anesthesiology Institute of Cardiology Institute of Child Care Institute of Orthopedic & Spine Institute of Oncology Institute of Plastic Aesthetic Surgery Institute of Rheumatology Institute of Minimal Access Surgery Institute of IVF Specialities ENT and Head & Neck Surgery Radio Diagnosis Gynaecology & Obstetrics Physiotherapy Ophthalmology Dermatology, Venereology & Leprosy Laparoscopic Surgery Internal Medicine Respiratory Medicine and Tuberculosis Nutrition & Dietetics Pulmonology Find a Doctor International Patients Covid Vaccination Make Appointment About Us About Us Empanelments Leadership Health Packages Health Library News & Events Events Media Coverage Awards & Accreditations Circulars Career",https://www.shardahospital.org/doctor/dr-vishal-gupta
Dr. Ankit,Consultant,ENT,"M.D Anaesthesiology (Sri Aurobindo Institute of Medical Science, Indore , Madhya Pradesh , India) IDCCM( Fortis Escort Heart Institute New Delhi , India; Fellowship in Critical Care 2015-2016) MBBS-(Sri Siddhartha Medical College)",6 Years,"English ,Hindi NA",,"Find a Doctor International Patients Covid Vaccination Patient & Visitors Patient Portal Blog Centre Of Excellence Institute of Renal Sciences & Transplant Institute of Neuro Sciences Institute of Dental Sciences Institute of Critical Care & Anesthesiology Institute of Cardiology Institute of Child Care Institute of Minimal Access Surgery Institute of IVF Institute of Orthopedic & Spine Institute of Oncology Institute of Plastic Aesthetic Surgery Institute of Rheumatology Specialities ENT and Head & Neck Surgery Radio Diagnosis Gynaecology & Obstetrics Physiotherapy Laparoscopic Surgery Internal Medicine Respiratory Medicine and Tuberculosis Ophthalmology Dermatology, Venereology & Leprosy Nutrition & Dietetics Pulmonology Medical Package More Make Appointment Health Library Media Coverage Awards & Accreditations Centre of Excellence Contact Careers Find a Doctor International Patients Get A Second Opinion Patient Stories +91-8447333999 +91-120-2333999 Specialities Centre Of Excellence Institute of Renal Sciences & Transplant Institute of Neuro Sciences Institute of Dental Sciences Institute of Critical Care & Anesthesiology Institute of Cardiology Institute of Child Care Institute of Orthopedic & Spine Institute of Oncology Institute of Plastic Aesthetic Surgery Institute of Rheumatology Institute of Minimal Access Surgery Institute of IVF Specialities ENT and Head & Neck Surgery Radio Diagnosis Gynaecology & Obstetrics Physiotherapy Ophthalmology Dermatology, Venereology & Leprosy Laparoscopic Surgery Internal Medicine Respiratory Medicine and Tuberculosis Nutrition & Dietetics Pulmonology Find a Doctor International Patients Covid Vaccination Make Appointment About Us About Us Empanelments Leadership Health Packages Health Library News & Events Events Media Coverage Awards & Accreditations Circulars Career",https://www.shardahospital.org/doctor/dr.-ankit
Dr. Shalini Srivastava,Professor and HOD,nan,"MBBS - BRD Medical College, Gorakhpur(2004) MD - MLM Medical College, Jhansi(2009)",15 Years,"English ,Hindi",,"Find a Doctor International Patients Covid Vaccination Patient & Visitors Patient Portal Blog Centre Of Excellence Institute of Renal Sciences & Transplant Institute of Neuro Sciences Institute of Dental Sciences Institute of Critical Care & Anesthesiology Institute of Cardiology Institute of Child Care Institute of Minimal Access Surgery Institute of IVF Institute of Orthopedic & Spine Institute of Oncology Institute of Plastic Aesthetic Surgery Institute of Rheumatology Specialities ENT and Head & Neck Surgery Radio Diagnosis Gynaecology & Obstetrics Physiotherapy Laparoscopic Surgery Internal Medicine Respiratory Medicine and Tuberculosis Ophthalmology Dermatology, Venereology & Leprosy Nutrition & Dietetics Pulmonology Medical Package More Make Appointment Health Library Media Coverage Awards & Accreditations Centre of Excellence Contact Careers Find a Doctor International Patients Get A Second Opinion Patient Stories +91-8447333999 +91-120-2333999 Specialities Centre Of Excellence Institute of Renal Sciences & Transplant Institute of Neuro Sciences Institute of Dental Sciences Institute of Critical Care & Anesthesiology Institute of Cardiology Institute of Child Care Institute of Orthopedic & Spine Institute of Oncology Institute of Plastic Aesthetic Surgery Institute of Rheumatology Institute of Minimal Access Surgery Institute of IVF Specialities ENT and Head & Neck Surgery Radio Diagnosis Gynaecology & Obstetrics Physiotherapy Ophthalmology Dermatology, Venereology & Leprosy Laparoscopic Surgery Internal Medicine Respiratory Medicine and Tuberculosis Nutrition & Dietetics Pulmonology Find a Doctor International Patients Covid Vaccination Make Appointment About Us About Us Empanelments Leadership Health Packages Health Library News & Events Events Media Coverage Awards & Accreditations Circulars Career",https://www.shardahospital.org/doctor/dr.-shalini-srivastava
Dr. Mayuri Ahuja,Assistant Professor,Gynaecology,"MBBS- Subharti Medical College, Meerut (2000-2006) DGO- College of Physician and Surgeon, Mumbai (2009-2011) DNB-Kokilaben Dhirubhai Ambani Hospital and Research, Mumbai (2014-2016) MRCOG part1 (2018) MBA-Hospital Administration (2008-2010) CIMP-Certified Indian Menopausal Practioner (2019)",12 years,"English ,Hindi Obstetrician and Gynecologist with 12 years of experience . Working in the department since 2016. Involved in a lot of research activities. Presented various papers and won prizes for posters presentations at state level conferences. Dedicated to provide best care to the patients with compassion and empathy",About Obstetrician and Gynecologist with 12 years of experience . Working in the department since 2016. Involved in a lot of research activities. Presented various papers and won prizes for posters presentations at state level conferences. Dedicated to provide best care to the patients with compassion and empathy,"Find a Doctor International Patients Covid Vaccination Patient & Visitors Patient Portal Blog Centre Of Excellence Institute of Renal Sciences & Transplant Institute of Neuro Sciences Institute of Dental Sciences Institute of Critical Care & Anesthesiology Institute of Cardiology Institute of Child Care Institute of Minimal Access Surgery Institute of IVF Institute of Orthopedic & Spine Institute of Oncology Institute of Plastic Aesthetic Surgery Institute of Rheumatology Specialities ENT and Head & Neck Surgery Radio Diagnosis Gynaecology & Obstetrics Physiotherapy Laparoscopic Surgery Internal Medicine Respiratory Medicine and Tuberculosis Ophthalmology Dermatology, Venereology & Leprosy Nutrition & Dietetics Pulmonology Medical Package More Make Appointment Health Library Media Coverage Awards & Accreditations Centre of Excellence Contact Careers Find a Doctor International Patients Get A Second Opinion Patient Stories +91-8447333999 +91-120-2333999 Specialities Centre Of Excellence Institute of Renal Sciences & Transplant Institute of Neuro Sciences Institute of Dental Sciences Institute of Critical Care & Anesthesiology Institute of Cardiology Institute of Child Care Institute of Orthopedic & Spine Institute of Oncology Institute of Plastic Aesthetic Surgery Institute of Rheumatology Institute of Minimal Access Surgery Institute of IVF Specialities ENT and Head & Neck Surgery Radio Diagnosis Gynaecology & Obstetrics Physiotherapy Ophthalmology Dermatology, Venereology & Leprosy Laparoscopic Surgery Internal Medicine Respiratory Medicine and Tuberculosis Nutrition & Dietetics Pulmonology Find a Doctor International Patients Covid Vaccination Make Appointment About Us About Us Empanelments Leadership Health Packages Health Library News & Events Events Media Coverage Awards & Accreditations Circulars Career",https://www.shardahospital.org/doctor/dr-mayuri-ahuja
Dr. Khemendra Kumar Senior,Consultant,ENT,MBBS MD EBIR (Europe),15+ Years,"English Dr. Khemendra Kumar is a well-known interventional radiologist and sets high personal standards for radiology. He is currently associated with Sharda Hospital, Greater Noida Uttar Pradesh. He completed his MBBS and MD - Radio Diagnosis/Radiology from Maharashtra University of Health Sciences, Nashik in 2007. He completed his senior residency in Cardiac Radiology, Endovascular Interventions, and Neuroradiology from the All India Institute of Medical Sciences (AIIMS, New Delhi). He is a certified interventional radiologist by the European Board of Interventional radiology.","About Dr. Khemendra Kumar is a well-known interventional radiologist and sets high personal standards for radiology. He is currently associated with Sharda Hospital, Greater Noida Uttar Pradesh. He completed his MBBS and MD - Radio Diagnosis/Radiology from Maharashtra University of Health Sciences, Nashik in 2007. He completed his senior residency in Cardiac Radiology, Endovascular Interventions, and Neuroradiology from the All India Institute of Medical Sciences (AIIMS, New Delhi). He is a certified interventional radiologist by the European Board of Interventional radiology.","Find a Doctor International Patients Covid Vaccination Patient & Visitors Patient Portal Blog Centre Of Excellence Institute of Renal Sciences & Transplant Institute of Neuro Sciences Institute of Dental Sciences Institute of Critical Care & Anesthesiology Institute of Cardiology Institute of Child Care Institute of Minimal Access Surgery Institute of IVF Institute of Orthopedic & Spine Institute of Oncology Institute of Plastic Aesthetic Surgery Institute of Rheumatology Specialities ENT and Head & Neck Surgery Radio Diagnosis Gynaecology & Obstetrics Physiotherapy Laparoscopic Surgery Internal Medicine Respiratory Medicine and Tuberculosis Ophthalmology Dermatology, Venereology & Leprosy Nutrition & Dietetics Pulmonology Medical Package More Make Appointment Health Library Media Coverage Awards & Accreditations Centre of Excellence Contact Careers Find a Doctor International Patients Get A Second Opinion Patient Stories +91-8447333999 +91-120-2333999 Specialities Centre Of Excellence Institute of Renal Sciences & Transplant Institute of Neuro Sciences Institute of Dental Sciences Institute of Critical Care & Anesthesiology Institute of Cardiology Institute of Child Care Institute of Orthopedic & Spine Institute of Oncology Institute of Plastic Aesthetic Surgery Institute of Rheumatology Institute of Minimal Access Surgery Institute of IVF Specialities ENT and Head & Neck Surgery Radio Diagnosis Gynaecology & Obstetrics Physiotherapy Ophthalmology Dermatology, Venereology & Leprosy Laparoscopic Surgery Internal Medicine Respiratory Medicine and Tuberculosis Nutrition & Dietetics Pulmonology Find a Doctor International Patients Covid Vaccination Make Appointment About Us About Us Empanelments Leadership Health Packages Health Library News & Events Events Media Coverage Awards & Accreditations Circulars Career",https://www.shardahospital.org/doctor/dr-khemendra-kumar
Dr. Bheem Raj Gupta,Head & Senior Consultant,ENT,"MBBS, MD (Medicine), DNB (Nephrology), MNAMS, FASN",17+ Years,"English Dr. Bheem Raj Gupta is a well-known Nephrologist in Delhi-NCR. He is having a working experience of more than 15 years in the field of Nephrology and Kidney Transplants. He is having many research publications in National and International journals. His main area of interest is preventive Nephrology, Hemodialysis, intervention, critical care Nephrology, and Diabetic kidney disease.","About Dr. Bheem Raj Gupta is a well-known Nephrologist in Delhi-NCR. He is having a working experience of more than 15 years in the field of Nephrology and Kidney Transplants. He is having many research publications in National and International journals. His main area of interest is preventive Nephrology, Hemodialysis, intervention, critical care Nephrology, and Diabetic kidney disease.","Find a Doctor International Patients Covid Vaccination Patient & Visitors Patient Portal Blog Centre Of Excellence Institute of Renal Sciences & Transplant Institute of Neuro Sciences Institute of Dental Sciences Institute of Critical Care & Anesthesiology Institute of Cardiology Institute of Child Care Institute of Minimal Access Surgery Institute of IVF Institute of Orthopedic & Spine Institute of Oncology Institute of Plastic Aesthetic Surgery Institute of Rheumatology Specialities ENT and Head & Neck Surgery Radio Diagnosis Gynaecology & Obstetrics Physiotherapy Laparoscopic Surgery Internal Medicine Respiratory Medicine and Tuberculosis Ophthalmology Dermatology, Venereology & Leprosy Nutrition & Dietetics Pulmonology Medical Package More Make Appointment Health Library Media Coverage Awards & Accreditations Centre of Excellence Contact Careers Find a Doctor International Patients Get A Second Opinion Patient Stories +91-8447333999 +91-120-2333999 Specialities Centre Of Excellence Institute of Renal Sciences & Transplant Institute of Neuro Sciences Institute of Dental Sciences Institute of Critical Care & Anesthesiology Institute of Cardiology Institute of Child Care Institute of Orthopedic & Spine Institute of Oncology Institute of Plastic Aesthetic Surgery Institute of Rheumatology Institute of Minimal Access Surgery Institute of IVF Specialities ENT and Head & Neck Surgery Radio Diagnosis Gynaecology & Obstetrics Physiotherapy Ophthalmology Dermatology, Venereology & Leprosy Laparoscopic Surgery Internal Medicine Respiratory Medicine and Tuberculosis Nutrition & Dietetics Pulmonology Find a Doctor International Patients Covid Vaccination Make Appointment About Us About Us Empanelments Leadership Health Packages Health Library News & Events Events Media Coverage Awards & Accreditations Circulars Career",https://www.shardahospital.org/doctor/dr-bheem-raj-gupta
Dr. Shitij Goel,HOD,Dermatology,"MBBS, MD (Dermatology)",17+ Years,"English Dr. Shitij Goel is a well-known and renowned doctor of Dermatology at Sharda Hospital. He has vast experience as a medical professional, which has provided him with a wealth of knowledge and excellent efficiency in his work. He has previously worked in a number of institutions and has teaching experience. Dr. Goel has attended numerous national and international conferences and seminars across the country.","About Dr. Shitij Goel is a well-known and renowned doctor of Dermatology at Sharda Hospital. He has vast experience as a medical professional, which has provided him with a wealth of knowledge and excellent efficiency in his work. He has previously worked in a number of institutions and has teaching experience. Dr. Goel has attended numerous national and international conferences and seminars across the country.","Find a Doctor International Patients Covid Vaccination Patient & Visitors Patient Portal Blog Centre Of Excellence Institute of Renal Sciences & Transplant Institute of Neuro Sciences Institute of Dental Sciences Institute of Critical Care & Anesthesiology Institute of Cardiology Institute of Child Care Institute of Minimal Access Surgery Institute of IVF Institute of Orthopedic & Spine Institute of Oncology Institute of Plastic Aesthetic Surgery Institute of Rheumatology Specialities ENT and Head & Neck Surgery Radio Diagnosis Gynaecology & Obstetrics Physiotherapy Laparoscopic Surgery Internal Medicine Respiratory Medicine and Tuberculosis Ophthalmology Dermatology, Venereology & Leprosy Nutrition & Dietetics Pulmonology Medical Package More Make Appointment Health Library Media Coverage Awards & Accreditations Centre of Excellence Contact Careers Find a Doctor International Patients Get A Second Opinion Patient Stories +91-8447333999 +91-120-2333999 Specialities Centre Of Excellence Institute of Renal Sciences & Transplant Institute of Neuro Sciences Institute of Dental Sciences Institute of Critical Care & Anesthesiology Institute of Cardiology Institute of Child Care Institute of Orthopedic & Spine Institute of Oncology Institute of Plastic Aesthetic Surgery Institute of Rheumatology Institute of Minimal Access Surgery Institute of IVF Specialities ENT and Head & Neck Surgery Radio Diagnosis Gynaecology & Obstetrics Physiotherapy Ophthalmology Dermatology, Venereology & Leprosy Laparoscopic Surgery Internal Medicine Respiratory Medicine and Tuberculosis Nutrition & Dietetics Pulmonology Find a Doctor International Patients Covid Vaccination Make Appointment About Us About Us Empanelments Leadership Health Packages Health Library News & Events Events Media Coverage Awards & Accreditations Circulars Career",https://www.shardahospital.org/doctor/dr-shitij-goel
Dr. Showkat Nazir Wani,Consultant,nan,MBBS MD Medicine DM Neurology ECFMG,9+,"English Dr. Showkat Nazir Wani is working as a Neurologist at Sharda Hospital. Trained at a prestigious institute, he has a remarkable ability to diagnose and manage various neurological diseases. With extensive experience in delivering emergency, inpatient, and outpatient services, Dr. Wani ensures comprehensive care for all his patients.","About Dr. Showkat Nazir Wani is working as a Neurologist at Sharda Hospital. Trained at a prestigious institute, he has a remarkable ability to diagnose and manage various neurological diseases. With extensive experience in delivering emergency, inpatient, and outpatient services, Dr. Wani ensures comprehensive care for all his patients.","Find a Doctor International Patients Covid Vaccination Patient & Visitors Patient Portal Blog Centre Of Excellence Institute of Renal Sciences & Transplant Institute of Neuro Sciences Institute of Dental Sciences Institute of Critical Care & Anesthesiology Institute of Cardiology Institute of Child Care Institute of Minimal Access Surgery Institute of IVF Institute of Orthopedic & Spine Institute of Oncology Institute of Plastic Aesthetic Surgery Institute of Rheumatology Specialities ENT and Head & Neck Surgery Radio Diagnosis Gynaecology & Obstetrics Physiotherapy Laparoscopic Surgery Internal Medicine Respiratory Medicine and Tuberculosis Ophthalmology Dermatology, Venereology & Leprosy Nutrition & Dietetics Pulmonology Medical Package More Make Appointment Health Library Media Coverage Awards & Accreditations Centre of Excellence Contact Careers Find a Doctor International Patients Get A Second Opinion Patient Stories +91-8447333999 +91-120-2333999 Specialities Centre Of Excellence Institute of Renal Sciences & Transplant Institute of Neuro Sciences Institute of Dental Sciences Institute of Critical Care & Anesthesiology Institute of Cardiology Institute of Child Care Institute of Orthopedic & Spine Institute of Oncology Institute of Plastic Aesthetic Surgery Institute of Rheumatology Institute of Minimal Access Surgery Institute of IVF Specialities ENT and Head & Neck Surgery Radio Diagnosis Gynaecology & Obstetrics Physiotherapy Ophthalmology Dermatology, Venereology & Leprosy Laparoscopic Surgery Internal Medicine Respiratory Medicine and Tuberculosis Nutrition & Dietetics Pulmonology Find a Doctor International Patients Covid Vaccination Make Appointment About Us About Us Empanelments Leadership Health Packages Health Library News & Events Events Media Coverage Awards & Accreditations Circulars Career",https://www.shardahospital.org/doctor/dr-showkat-nazir-wani
Dr. Nishit Palo,Associate Professor,nan,MS Orthopaedics Phd Dip. Sports Medicine Dip. Football Medicine,12+,"English Dr. Nishit Palo is a Orthopaedic Sports Medicine, Joint Replacement surgeon. He has 12 years of experience as orthopaedic. He completed MS – Orthopaedics – Utkal University, Odissa, India, 2015. MBBS – JJMMC Davangere RGUHS Bangalore, 2010. Awarded Dr SP Mandal Gold Medal by IOA in 2015. 26 Orthopaedic Research Publications. Won the SICOT CCJR Award in Muscat 2019. He is section editor of Indian Journal of Orthopaedics (IJO) infection, official publication of Indian Orthopaedics Association, AO Trauma facility & faculty for National Orthopaedics Conferences (IOACON). He specialises in Joint Replacement, Pelvis-Acetabulum & Bone Infection Surgeries.","About Dr. Nishit Palo is a Orthopaedic Sports Medicine, Joint Replacement surgeon. He has 12 years of experience as orthopaedic. He completed MS – Orthopaedics – Utkal University, Odissa, India, 2015. MBBS – JJMMC Davangere RGUHS Bangalore, 2010. Awarded Dr SP Mandal Gold Medal by IOA in 2015. 26 Orthopaedic Research Publications. Won the SICOT CCJR Award in Muscat 2019. He is section editor of Indian Journal of Orthopaedics (IJO) infection, official publication of Indian Orthopaedics Association, AO Trauma facility & faculty for National Orthopaedics Conferences (IOACON). He specialises in Joint Replacement, Pelvis-Acetabulum & Bone Infection Surgeries.","Find a Doctor International Patients Covid Vaccination Patient & Visitors Patient Portal Blog Centre Of Excellence Institute of Renal Sciences & Transplant Institute of Neuro Sciences Institute of Dental Sciences Institute of Critical Care & Anesthesiology Institute of Cardiology Institute of Child Care Institute of Minimal Access Surgery Institute of IVF Institute of Orthopedic & Spine Institute of Oncology Institute of Plastic Aesthetic Surgery Institute of Rheumatology Specialities ENT and Head & Neck Surgery Radio Diagnosis Gynaecology & Obstetrics Physiotherapy Laparoscopic Surgery Internal Medicine Respiratory Medicine and Tuberculosis Ophthalmology Dermatology, Venereology & Leprosy Nutrition & Dietetics Pulmonology Medical Package More Make Appointment Health Library Media Coverage Awards & Accreditations Centre of Excellence Contact Careers Find a Doctor International Patients Get A Second Opinion Patient Stories +91-8447333999 +91-120-2333999 Specialities Centre Of Excellence Institute of Renal Sciences & Transplant Institute of Neuro Sciences Institute of Dental Sciences Institute of Critical Care & Anesthesiology Institute of Cardiology Institute of Child Care Institute of Orthopedic & Spine Institute of Oncology Institute of Plastic Aesthetic Surgery Institute of Rheumatology Institute of Minimal Access Surgery Institute of IVF Specialities ENT and Head & Neck Surgery Radio Diagnosis Gynaecology & Obstetrics Physiotherapy Ophthalmology Dermatology, Venereology & Leprosy Laparoscopic Surgery Internal Medicine Respiratory Medicine and Tuberculosis Nutrition & Dietetics Pulmonology Find a Doctor International Patients Covid Vaccination Make Appointment About Us About Us Empanelments Leadership Health Packages Health Library News & Events Events Media Coverage Awards & Accreditations Circulars Career",https://www.shardahospital.org/doctor/dr-nishit-palo
Dr. Ravindra Srivastava Senior,Consultant,nan,"MBBS MS MCH (Neuro,Brain & Spine) Certification in Parkinsons",23+,"English Dr. Ravindra Srivastava is the Senior Consultant of Neurosciences (Brain & Spine) with over 23 years of experience. A Gold Medalist, he completed his MBBS, MS and MCh from AIIMS, New Delhi, and holds several advanced certifications from esteemed institutions like the University of California and Johns Hopkins University. His specialties include Headache & Backache, Brain Tumors, Stereotactic Surgery, Brain Hemorrhage, DBS Surgery, Spise Tumors, and Trauma. Dr. Srivastava is a member of multiple prestigious societies, including the Neurological Society of India and the Neuro Spinal Surgeons Association. With over 20,000 surgeries and 50,000 international outpatient consultations, his contributions to neurosurgery are significant. Dr. Srivastava is a respected surgeon dedicated to advancing medical knowledge and providing exceptional patient care. He has worked in reputed super-speciality hospitals of New Delhi, Noida and Greater Noida like Safdarjung Hospital, Vimhans, Jaypee, GTB, Max, Fortis and Primus Superspeciality Hospital Chanakyapuri, New Delhi. He holds the honour of establishing a separate Neuro ICU in PRIMUS Hospital for international patients especially. He is a pioneer in starting Neurosurgery in Greater Noida in 2008 in all hospitals of Greater Noida.","About Dr. Ravindra Srivastava is the Senior Consultant of Neurosciences (Brain & Spine) with over 23 years of experience. A Gold Medalist, he completed his MBBS, MS and MCh from AIIMS, New Delhi, and holds several advanced certifications from esteemed institutions like the University of California and Johns Hopkins University. His specialties include Headache & Backache, Brain Tumors, Stereotactic Surgery, Brain Hemorrhage, DBS Surgery, Spise Tumors, and Trauma. Dr. Srivastava is a member of multiple prestigious societies, including the Neurological Society of India and the Neuro Spinal Surgeons Association. With over 20,000 surgeries and 50,000 international outpatient consultations, his contributions to neurosurgery are significant. Dr. Srivastava is a respected surgeon dedicated to advancing medical knowledge and providing exceptional patient care. He has worked in reputed super-speciality hospitals of New Delhi, Noida and Greater Noida like Safdarjung Hospital, Vimhans, Jaypee, GTB, Max, Fortis and Primus Superspeciality Hospital Chanakyapuri, New Delhi. He holds the honour of establishing a separate Neuro ICU in PRIMUS Hospital for international patients especially. He is a pioneer in starting Neurosurgery in Greater Noida in 2008 in all hospitals of Greater Noida.","Find a Doctor International Patients Covid Vaccination Patient & Visitors Patient Portal Blog Centre Of Excellence Institute of Renal Sciences & Transplant Institute of Neuro Sciences Institute of Dental Sciences Institute of Critical Care & Anesthesiology Institute of Cardiology Institute of Child Care Institute of Minimal Access Surgery Institute of IVF Institute of Orthopedic & Spine Institute of Oncology Institute of Plastic Aesthetic Surgery Institute of Rheumatology Specialities ENT and Head & Neck Surgery Radio Diagnosis Gynaecology & Obstetrics Physiotherapy Laparoscopic Surgery Internal Medicine Respiratory Medicine and Tuberculosis Ophthalmology Dermatology, Venereology & Leprosy Nutrition & Dietetics Pulmonology Medical Package More Make Appointment Health Library Media Coverage Awards & Accreditations Centre of Excellence Contact Careers Find a Doctor International Patients Get A Second Opinion Patient Stories +91-8447333999 +91-120-2333999 Specialities Centre Of Excellence Institute of Renal Sciences & Transplant Institute of Neuro Sciences Institute of Dental Sciences Institute of Critical Care & Anesthesiology Institute of Cardiology Institute of Child Care Institute of Orthopedic & Spine Institute of Oncology Institute of Plastic Aesthetic Surgery Institute of Rheumatology Institute of Minimal Access Surgery Institute of IVF Specialities ENT and Head & Neck Surgery Radio Diagnosis Gynaecology & Obstetrics Physiotherapy Ophthalmology Dermatology, Venereology & Leprosy Laparoscopic Surgery Internal Medicine Respiratory Medicine and Tuberculosis Nutrition & Dietetics Pulmonology Find a Doctor International Patients Covid Vaccination Make Appointment About Us About Us Empanelments Leadership Health Packages Health Library News & Events Events Media Coverage Awards & Accreditations Circulars Career",https://www.shardahospital.org/doctor/dr-ravindra-srivastava
Dr. Tarun Singh,Consultant,nan,"MBBS, MS, FIAGES (General Surgery), DrNB, FMAS (Urology)",11+,"English Dr. Tarun Singh is a well-respected General Surgeon & Urologist with experience in treating patients for a variety of conditions. Certified in General Surgery & DrNB Urology & Kidney transplant. Areas of interest include Urology, Kidney transplant and Minimal Access Surgery (Endourology).","About Dr. Tarun Singh is a well-respected General Surgeon & Urologist with experience in treating patients for a variety of conditions. Certified in General Surgery & DrNB Urology & Kidney transplant. Areas of interest include Urology, Kidney transplant and Minimal Access Surgery (Endourology).","Find a Doctor International Patients Covid Vaccination Patient & Visitors Patient Portal Blog Centre Of Excellence Institute of Renal Sciences & Transplant Institute of Neuro Sciences Institute of Dental Sciences Institute of Critical Care & Anesthesiology Institute of Cardiology Institute of Child Care Institute of Minimal Access Surgery Institute of IVF Institute of Orthopedic & Spine Institute of Oncology Institute of Plastic Aesthetic Surgery Institute of Rheumatology Specialities ENT and Head & Neck Surgery Radio Diagnosis Gynaecology & Obstetrics Physiotherapy Laparoscopic Surgery Internal Medicine Respiratory Medicine and Tuberculosis Ophthalmology Dermatology, Venereology & Leprosy Nutrition & Dietetics Pulmonology Medical Package More Make Appointment Health Library Media Coverage Awards & Accreditations Centre of Excellence Contact Careers Find a Doctor International Patients Get A Second Opinion Patient Stories +91-8447333999 +91-120-2333999 Specialities Centre Of Excellence Institute of Renal Sciences & Transplant Institute of Neuro Sciences Institute of Dental Sciences Institute of Critical Care & Anesthesiology Institute of Cardiology Institute of Child Care Institute of Orthopedic & Spine Institute of Oncology Institute of Plastic Aesthetic Surgery Institute of Rheumatology Institute of Minimal Access Surgery Institute of IVF Specialities ENT and Head & Neck Surgery Radio Diagnosis Gynaecology & Obstetrics Physiotherapy Ophthalmology Dermatology, Venereology & Leprosy Laparoscopic Surgery Internal Medicine Respiratory Medicine and Tuberculosis Nutrition & Dietetics Pulmonology Find a Doctor International Patients Covid Vaccination Make Appointment About Us About Us Empanelments Leadership Health Packages Health Library News & Events Events Media Coverage Awards & Accreditations Circulars Career",https://www.shardahospital.org/doctor/dr-tarun-singh
Dr. Shubhi Tyagi,Consultant,ENT,"MBBS, MS (ENT)",7+,"English Dr. Shubhi Tyagi is a Consultant in the Dept of ENT at Sharda Hospital with expertise in management of simple and complex conditions associated with ear, nose and throat diseases. She has been trained at Asia's high volume surgical ENT center at Bangalore Medical College and Victoria Hospital, Bangalore. She has vast experience and knowledge in the diagnosis as well as treatment of both adult as well as peadiatric ENT issues such as hearing problem, nasal blockage, snoring, sleep apnoea, vertigo, tinnitus, swallowing problems. She also has rich experience of doing both routine and advanced surgeries such as endoscopic sinus surgery, tonsillectomy, adenoidectomy, sleep apnoea surgeries, thyroid surgeries and ear surgeries, tracheostomy, foreign body removal, airway emergencies. She is also proficient in advanced procedures like advanced functional sinus surgery, thyroid surgeries, endoscopic ear surgeries and complex airway surgeries. She has been trained in assessment of swallow disorders with functional endoscopic assessment of swallowing. She has active interest in Allergic conditions and is proficient in Skin Allergy Testing. She has been trained in treating vertigo and balance disorder.","About Dr. Shubhi Tyagi is a Consultant in the Dept of ENT at Sharda Hospital with expertise in management of simple and complex conditions associated with ear, nose and throat diseases. She has been trained at Asia's high volume surgical ENT center at Bangalore Medical College and Victoria Hospital, Bangalore. She has vast experience and knowledge in the diagnosis as well as treatment of both adult as well as peadiatric ENT issues such as hearing problem, nasal blockage, snoring, sleep apnoea, vertigo, tinnitus, swallowing problems. She also has rich experience of doing both routine and advanced surgeries such as endoscopic sinus surgery, tonsillectomy, adenoidectomy, sleep apnoea surgeries, thyroid surgeries and ear surgeries, tracheostomy, foreign body removal, airway emergencies. She is also proficient in advanced procedures like advanced functional sinus surgery, thyroid surgeries, endoscopic ear surgeries and complex airway surgeries. She has been trained in assessment of swallow disorders with functional endoscopic assessment of swallowing. She has active interest in Allergic conditions and is proficient in Skin Allergy Testing. She has been trained in treating vertigo and balance disorder.","Find a Doctor International Patients Covid Vaccination Patient & Visitors Patient Portal Blog Centre Of Excellence Institute of Renal Sciences & Transplant Institute of Neuro Sciences Institute of Dental Sciences Institute of Critical Care & Anesthesiology Institute of Cardiology Institute of Child Care Institute of Minimal Access Surgery Institute of IVF Institute of Orthopedic & Spine Institute of Oncology Institute of Plastic Aesthetic Surgery Institute of Rheumatology Specialities ENT and Head & Neck Surgery Radio Diagnosis Gynaecology & Obstetrics Physiotherapy Laparoscopic Surgery Internal Medicine Respiratory Medicine and Tuberculosis Ophthalmology Dermatology, Venereology & Leprosy Nutrition & Dietetics Pulmonology Medical Package More Make Appointment Health Library Media Coverage Awards & Accreditations Centre of Excellence Contact Careers Find a Doctor International Patients Get A Second Opinion Patient Stories +91-8447333999 +91-120-2333999 Specialities Centre Of Excellence Institute of Renal Sciences & Transplant Institute of Neuro Sciences Institute of Dental Sciences Institute of Critical Care & Anesthesiology Institute of Cardiology Institute of Child Care Institute of Orthopedic & Spine Institute of Oncology Institute of Plastic Aesthetic Surgery Institute of Rheumatology Institute of Minimal Access Surgery Institute of IVF Specialities ENT and Head & Neck Surgery Radio Diagnosis Gynaecology & Obstetrics Physiotherapy Ophthalmology Dermatology, Venereology & Leprosy Laparoscopic Surgery Internal Medicine Respiratory Medicine and Tuberculosis Nutrition & Dietetics Pulmonology Find a Doctor International Patients Covid Vaccination Make Appointment About Us About Us Empanelments Leadership Health Packages Health Library News & Events Events Media Coverage Awards & Accreditations Circulars Career",https://www.shardahospital.org/doctor/dr-shubhi-tyagi
Dr. Manoj Kumar NandKeoliar,Professor,nan,"M.B.B.S – Govt. Medical College, Srinagar,Kashmir MD (Biochemistry) – Rajiv Gandhi University, Bangalore, Karnataka MD (Microbiology) –King Georges Medical University, Lucknow, UP",35 years of progressive working experience.,"Hindi Dr. Manoj Kumar NandKeoliar, an alumnus of Rajiv Gandhi University of Health Sciences, Bangalore, completed his M.D. in Biochemistry. He has also done M.D. in Microbiology from King George's Medical University, Lucknow. Dr. Nandkeoliar has got a vast experience of Laboratory Management of more than 13 Years in both Government and private sectors. He has a number of publications in various National and International journals. Dr. Nandkeoliar served in Central Health Service (CHS) of Govt. of India for more than 30 years and held several important technical and administrative posts under Ministry of Health & Family Welfare.",,"Find a Doctor International Patients Covid Vaccination Patient & Visitors Patient Portal Blog Centre Of Excellence Institute of Renal Sciences & Transplant Institute of Neuro Sciences Institute of Dental Sciences Institute of Critical Care & Anesthesiology Institute of Cardiology Institute of Child Care Institute of Minimal Access Surgery Institute of IVF Institute of Orthopedic & Spine Institute of Oncology Institute of Plastic Aesthetic Surgery Institute of Rheumatology Specialities ENT and Head & Neck Surgery Radio Diagnosis Gynaecology & Obstetrics Physiotherapy Laparoscopic Surgery Internal Medicine Respiratory Medicine and Tuberculosis Ophthalmology Dermatology, Venereology & Leprosy Nutrition & Dietetics Pulmonology Medical Package More Make Appointment Health Library Media Coverage Awards & Accreditations Centre of Excellence Contact Careers Find a Doctor International Patients Get A Second Opinion Patient Stories +91-8447333999 +91-120-2333999 Specialities Centre Of Excellence Institute of Renal Sciences & Transplant Institute of Neuro Sciences Institute of Dental Sciences Institute of Critical Care & Anesthesiology Institute of Cardiology Institute of Child Care Institute of Orthopedic & Spine Institute of Oncology Institute of Plastic Aesthetic Surgery Institute of Rheumatology Institute of Minimal Access Surgery Institute of IVF Specialities ENT and Head & Neck Surgery Radio Diagnosis Gynaecology & Obstetrics Physiotherapy Ophthalmology Dermatology, Venereology & Leprosy Laparoscopic Surgery Internal Medicine Respiratory Medicine and Tuberculosis Nutrition & Dietetics Pulmonology Find a Doctor International Patients Covid Vaccination Make Appointment About Us About Us Empanelments Leadership Health Packages Health Library News & Events Events Media Coverage Awards & Accreditations Circulars Career",https://www.shardahospital.org/doctor/dr-manoj-kumar-nandkeoliar
Dr. Rohit Saxena,Professor and HOD,ENT,"Qualification Year M.S. (E.N.T-KGMC) 1998 M.B.B.S, KGMC 1994","Experience Number of Years Professor & HOD (School of Medical Sciences & research, Sharda Univ) 7 Yrs Professor, Santosh Medical College 2 Yrs UG/PG Teacher 10 Yrs Total 19 yrs","English ,Hindi Dr. Rohit Saxena has been deputed as HOD in ENT, Head & Neck Surgery at Sharda Hospital. He completed his medical graduation in 1994 from K.G. Medical College, Lucknow, which is one of the largest teaching hospitals in Asia and ranks 5th in all India ranking. After that, he pursued his post graduation in Otorhinolaryngology and Head & neck surgery from the same institute in 1995. After doing 4 months of senior residency at Sir Ganga Ram Hospital, New Delhi, he joined the Santosh Medical College, Ghaziabad U.P. as an Assistant Professor in Department of E.N.T. in May 1999. He worked there for 11 years and 05 months.and helped to develop the department from undergraduate to postgraduate department and left as Prof.& HOD in November 2010 and joined School of Medical Sciences, Sharda University in November 2010 and is working till date.",,"Find a Doctor International Patients Covid Vaccination Patient & Visitors Patient Portal Blog Centre Of Excellence Institute of Renal Sciences & Transplant Institute of Neuro Sciences Institute of Dental Sciences Institute of Critical Care & Anesthesiology Institute of Cardiology Institute of Child Care Institute of Minimal Access Surgery Institute of IVF Institute of Orthopedic & Spine Institute of Oncology Institute of Plastic Aesthetic Surgery Institute of Rheumatology Specialities ENT and Head & Neck Surgery Radio Diagnosis Gynaecology & Obstetrics Physiotherapy Laparoscopic Surgery Internal Medicine Respiratory Medicine and Tuberculosis Ophthalmology Dermatology, Venereology & Leprosy Nutrition & Dietetics Pulmonology Medical Package More Make Appointment Health Library Media Coverage Awards & Accreditations Centre of Excellence Contact Careers Find a Doctor International Patients Get A Second Opinion Patient Stories +91-8447333999 +91-120-2333999 Specialities Centre Of Excellence Institute of Renal Sciences & Transplant Institute of Neuro Sciences Institute of Dental Sciences Institute of Critical Care & Anesthesiology Institute of Cardiology Institute of Child Care Institute of Orthopedic & Spine Institute of Oncology Institute of Plastic Aesthetic Surgery Institute of Rheumatology Institute of Minimal Access Surgery Institute of IVF Specialities ENT and Head & Neck Surgery Radio Diagnosis Gynaecology & Obstetrics Physiotherapy Ophthalmology Dermatology, Venereology & Leprosy Laparoscopic Surgery Internal Medicine Respiratory Medicine and Tuberculosis Nutrition & Dietetics Pulmonology Find a Doctor International Patients Covid Vaccination Make Appointment About Us About Us Empanelments Leadership Health Packages Health Library News & Events Events Media Coverage Awards & Accreditations Circulars Career",https://www.shardahospital.org/doctor/dr-rohit-saxena
Dr. Devendra Kumar,Professor and HOD,nan,"B.Sc , MBBS, M. D. (respiratory medicine), F.C.C.P.",20+,"English ,Hindi Dr. Devendra Kumar Singh is a highly experienced and respected medical professional who currently works as a professor and head of the department of respiratory medicine. With over 20 years of experience in the field, Dr. Singh has established himself as a leading authority on respiratory medicine, and he has made significant contributions to the field through his research, teaching, and clinical practice. Throughout his career, Dr. Singh has focused on improving the diagnosis and treatment of respiratory disorders, and he has worked with a wide range of patients with conditions such as asthma, COPD, lung cancer, and more. He has also been involved in numerous research projects aimed at better understanding the underlying causes of respiratory diseases and developing more effective treatments.","About Dr. Devendra Kumar Singh is a highly experienced and respected medical professional who currently works as a professor and head of the department of respiratory medicine. With over 20 years of experience in the field, Dr. Singh has established himself as a leading authority on respiratory medicine, and he has made significant contributions to the field through his research, teaching, and clinical practice. Throughout his career, Dr. Singh has focused on improving the diagnosis and treatment of respiratory disorders, and he has worked with a wide range of patients with conditions such as asthma, COPD, lung cancer, and more. He has also been involved in numerous research projects aimed at better understanding the underlying causes of respiratory diseases and developing more effective treatments.","Find a Doctor International Patients Covid Vaccination Patient & Visitors Patient Portal Blog Centre Of Excellence Institute of Renal Sciences & Transplant Institute of Neuro Sciences Institute of Dental Sciences Institute of Critical Care & Anesthesiology Institute of Cardiology Institute of Child Care Institute of Minimal Access Surgery Institute of IVF Institute of Orthopedic & Spine Institute of Oncology Institute of Plastic Aesthetic Surgery Institute of Rheumatology Specialities ENT and Head & Neck Surgery Radio Diagnosis Gynaecology & Obstetrics Physiotherapy Laparoscopic Surgery Internal Medicine Respiratory Medicine and Tuberculosis Ophthalmology Dermatology, Venereology & Leprosy Nutrition & Dietetics Pulmonology Medical Package More Make Appointment Health Library Media Coverage Awards & Accreditations Centre of Excellence Contact Careers Find a Doctor International Patients Get A Second Opinion Patient Stories +91-8447333999 +91-120-2333999 Specialities Centre Of Excellence Institute of Renal Sciences & Transplant Institute of Neuro Sciences Institute of Dental Sciences Institute of Critical Care & Anesthesiology Institute of Cardiology Institute of Child Care Institute of Orthopedic & Spine Institute of Oncology Institute of Plastic Aesthetic Surgery Institute of Rheumatology Institute of Minimal Access Surgery Institute of IVF Specialities ENT and Head & Neck Surgery Radio Diagnosis Gynaecology & Obstetrics Physiotherapy Ophthalmology Dermatology, Venereology & Leprosy Laparoscopic Surgery Internal Medicine Respiratory Medicine and Tuberculosis Nutrition & Dietetics Pulmonology Find a Doctor International Patients Covid Vaccination Make Appointment About Us About Us Empanelments Leadership Health Packages Health Library News & Events Events Media Coverage Awards & Accreditations Circulars Career",https://www.shardahospital.org/doctor/dr-devendra-kumar
Dr. Mohan Bandhu Gupta,Professor,nan,"Qualification Year F.C.C.S 2003 M.D. (Respiratory Medicine , King George's Medical University) 2000 M.B.B.S (King George's Medical University) 1995","Experience Years Professor & HOD (School of Medical Sciences & Research, Sharda Univ.) 1 yr 7 months Professor (Santosh Medical College) 3 yrs 4 months Associate Professor (Santosh Medical College) 4 yrs Assistant Professor (Santosh Medical College 5 yrs 3 months Senior Resident (Santosh Medical College) 3 yrs Total Experience 17 yr 4 months","English ,Hindi Dr. Mohan Bandhu Gupta has been working with Sharda Hospital as a Professor for the past 1 year and 7 months and has a total career span of 17 years. Dr. Gupta is an alumnus of the King George’s Medical College, Lucknow. Before joining Sharda Hospital, he was working in the respiratory department at Santosh Medical College Ghaziabad for the past 15 years. A soft spoken and knowledgeable professional, he is very competent in Bronchoscopy and ICU Management.","About Dr. Mohan Bandhu Gupta has been working with Sharda Hospital as a Professor for the past 1 year and 7 months and has a total career span of 17 years. Dr. Gupta is an alumnus of the King George’s Medical College, Lucknow. Before joining Sharda Hospital, he was working in the respiratory department at Santosh Medical College Ghaziabad for the past 15 years. A soft spoken and knowledgeable professional, he is very competent in Bronchoscopy and ICU Management. Research & Publications Co-Supervisor of 10 Thesis of MD students Specialization Respirato More Related Doctors Dr. Devendra Kumar Professor and HOD Book Appointment View all Doctors Find A Doctor Contact Us Plot No. 32-34, Knowledge Park III, Greater Noida, Uttar Pradesh - 201310 +91-8447333999 info@shardahospital.org Quick Links","Find a Doctor International Patients Covid Vaccination Patient & Visitors Patient Portal Blog Centre Of Excellence Institute of Renal Sciences & Transplant Institute of Neuro Sciences Institute of Dental Sciences Institute of Critical Care & Anesthesiology Institute of Cardiology Institute of Child Care Institute of Minimal Access Surgery Institute of IVF Institute of Orthopedic & Spine Institute of Oncology Institute of Plastic Aesthetic Surgery Institute of Rheumatology Specialities ENT and Head & Neck Surgery Radio Diagnosis Gynaecology & Obstetrics Physiotherapy Laparoscopic Surgery Internal Medicine Respiratory Medicine and Tuberculosis Ophthalmology Dermatology, Venereology & Leprosy Nutrition & Dietetics Pulmonology Medical Package More Make Appointment Health Library Media Coverage Awards & Accreditations Centre of Excellence Contact Careers Find a Doctor International Patients Get A Second Opinion Patient Stories +91-8447333999 +91-120-2333999 Specialities Centre Of Excellence Institute of Renal Sciences & Transplant Institute of Neuro Sciences Institute of Dental Sciences Institute of Critical Care & Anesthesiology Institute of Cardiology Institute of Child Care Institute of Orthopedic & Spine Institute of Oncology Institute of Plastic Aesthetic Surgery Institute of Rheumatology Institute of Minimal Access Surgery Institute of IVF Specialities ENT and Head & Neck Surgery Radio Diagnosis Gynaecology & Obstetrics Physiotherapy Ophthalmology Dermatology, Venereology & Leprosy Laparoscopic Surgery Internal Medicine Respiratory Medicine and Tuberculosis Nutrition & Dietetics Pulmonology Find a Doctor International Patients Covid Vaccination Make Appointment About Us About Us Empanelments Leadership Health Packages Health Library News & Events Events Media Coverage Awards & Accreditations Circulars Career",https://www.shardahospital.org/doctor/dr-mohan-bandhu-gupta
Dr. Megha Ranjan,Associate Professor,Gynaecology,"MBBS, MD",4 Year,"English ,Hindi Dr. Megha Ranjan serves as an Assistant Prof. OBG at SMS&R, Greater Noida (a medical research center under Sharda Hospital. She has completed MBBS from Ganesh Shanker Vidyarthi Medical College, Kanpur (Govt. Medical College). She has acquired her master’s degree in obstetrics and gynecology from Maharani Lakshmi Bai Govt. Medical College, Jhansi. She has taken certified training in USG Obs & Gynae with a fellowship in minimal access surgery (Laparoscopy) and fellowship in Assisted reproductive techniques. She has cleared her exam for membership of Royal College of Obstetrics and Gynecology (MRCOG-1). She has earned the 7 years of experience after completing her MD in this field. Her special field of interest is infertility. But along with infertility, she would also like to help patients by treating their major and minor gynecological and obstetrical problems. She wants to spread awareness amongst the women regarding maternal and child health, personal hygiene and family planning by counseling them",,"Find a Doctor International Patients Covid Vaccination Patient & Visitors Patient Portal Blog Centre Of Excellence Institute of Renal Sciences & Transplant Institute of Neuro Sciences Institute of Dental Sciences Institute of Critical Care & Anesthesiology Institute of Cardiology Institute of Child Care Institute of Minimal Access Surgery Institute of IVF Institute of Orthopedic & Spine Institute of Oncology Institute of Plastic Aesthetic Surgery Institute of Rheumatology Specialities ENT and Head & Neck Surgery Radio Diagnosis Gynaecology & Obstetrics Physiotherapy Laparoscopic Surgery Internal Medicine Respiratory Medicine and Tuberculosis Ophthalmology Dermatology, Venereology & Leprosy Nutrition & Dietetics Pulmonology Medical Package More Make Appointment Health Library Media Coverage Awards & Accreditations Centre of Excellence Contact Careers Find a Doctor International Patients Get A Second Opinion Patient Stories +91-8447333999 +91-120-2333999 Specialities Centre Of Excellence Institute of Renal Sciences & Transplant Institute of Neuro Sciences Institute of Dental Sciences Institute of Critical Care & Anesthesiology Institute of Cardiology Institute of Child Care Institute of Orthopedic & Spine Institute of Oncology Institute of Plastic Aesthetic Surgery Institute of Rheumatology Institute of Minimal Access Surgery Institute of IVF Specialities ENT and Head & Neck Surgery Radio Diagnosis Gynaecology & Obstetrics Physiotherapy Ophthalmology Dermatology, Venereology & Leprosy Laparoscopic Surgery Internal Medicine Respiratory Medicine and Tuberculosis Nutrition & Dietetics Pulmonology Find a Doctor International Patients Covid Vaccination Make Appointment About Us About Us Empanelments Leadership Health Packages Health Library News & Events Events Media Coverage Awards & Accreditations Circulars Career",https://www.shardahospital.org/doctor/dr-megha-ranjan
Dr. Shelly Agarwal,Professor,Gynaecology,"MBBS,MS (OBG)",15 Years,"English ,Hindi Dr. Shelly Agarwal is working as Associate Prof. OBG at School of Medical Sciences & Research, Sharda Hospital with a special interest in the field of infertility and high-risk pregnancy. Did her graduation and post graduation from M.L.B Medical college, Jhansi. Received honors, distinction and gold medals in various subjects during MBBS and stood 3rd in University. Awarded Gold medal for the best resident OBG in 2002, M.L.B. Medical College, Jhansi. Presented papers at various state and national conferences and won the best paper award in UPCOG. She was invited as national faculty, FOGSI and as a guest speaker in many national & state conferences. She is a certified endoscopic surgeon.",,"Find a Doctor International Patients Covid Vaccination Patient & Visitors Patient Portal Blog Centre Of Excellence Institute of Renal Sciences & Transplant Institute of Neuro Sciences Institute of Dental Sciences Institute of Critical Care & Anesthesiology Institute of Cardiology Institute of Child Care Institute of Minimal Access Surgery Institute of IVF Institute of Orthopedic & Spine Institute of Oncology Institute of Plastic Aesthetic Surgery Institute of Rheumatology Specialities ENT and Head & Neck Surgery Radio Diagnosis Gynaecology & Obstetrics Physiotherapy Laparoscopic Surgery Internal Medicine Respiratory Medicine and Tuberculosis Ophthalmology Dermatology, Venereology & Leprosy Nutrition & Dietetics Pulmonology Medical Package More Make Appointment Health Library Media Coverage Awards & Accreditations Centre of Excellence Contact Careers Find a Doctor International Patients Get A Second Opinion Patient Stories +91-8447333999 +91-120-2333999 Specialities Centre Of Excellence Institute of Renal Sciences & Transplant Institute of Neuro Sciences Institute of Dental Sciences Institute of Critical Care & Anesthesiology Institute of Cardiology Institute of Child Care Institute of Orthopedic & Spine Institute of Oncology Institute of Plastic Aesthetic Surgery Institute of Rheumatology Institute of Minimal Access Surgery Institute of IVF Specialities ENT and Head & Neck Surgery Radio Diagnosis Gynaecology & Obstetrics Physiotherapy Ophthalmology Dermatology, Venereology & Leprosy Laparoscopic Surgery Internal Medicine Respiratory Medicine and Tuberculosis Nutrition & Dietetics Pulmonology Find a Doctor International Patients Covid Vaccination Make Appointment About Us About Us Empanelments Leadership Health Packages Health Library News & Events Events Media Coverage Awards & Accreditations Circulars Career",https://www.shardahospital.org/doctor/dr-shelly-agarwal
Dr. Samta Gupta,Professor,Gynaecology,"M.B.B.S, M.S (OBG)",13 Years,"English ,Hindi Joined SMS&R in 2009, Dr. Samta Gupta is presently working as Associate Professor in Obst & Gynae at School of Medical Sciences & Research, Greater Noida. She has been practicing as Obstetrician and Gynecologist for the last 13 years. Did her MBBS and MS in Obst & Gynae from the reputed Govt.S.N. Medical College, Agra where she was exposed to all obstetric & gynecological emergencies. She has been trained in many routine Gynae and Obs surgeries. She was a meritorious student throughout her under graduation and post graduation. During graduation, she received Gold medal and distinction in various subjects. She has presented many papers at State & National Conferences. She received the best paper award in FOGSI. She was invited as national faculty FOGSI and as guest speaker at many national & state conferences. She has been awarded prestigious fellowship - FICOG (Fellowship of Indian College of Obstetrics and Gynecology). Her special interests are in the field of infertility, high-risk pregnancy, and endoscopy. She is also an active member of FOGSI. She is highly interested in academics and keeps herself updated by attending CME and seminars.","About Joined SMS&R in 2009, Dr. Samta Gupta is presently working as Associate Professor in Obst & Gynae at School of Medical Sciences & Research, Greater Noida. She has been practicing as Obstetrician and Gynecologist for the last 13 years. Did her MBBS and MS in Obst & Gynae from the reputed Govt.S.N. Medical College, Agra where she was exposed to all obstetric & gynecological emergencies. She has been trained in many routine Gynae and Obs surgeries. She was a meritorious student throughout her under graduation and post graduation. During graduation, she received Gold medal and distinction in various subjects. She has presented many papers at State & National Conferences. She received the best paper award in FOGSI. She was invited as national faculty FOGSI and as guest speaker at many national & state conferences. She has been awarded prestigious fellowship - FICOG (Fellowship of Indian College of Obstetrics and Gynecology). Her special interests are in the field of infertility, high-risk pregnancy, and endoscopy. She is also an active member of FOGSI. She is highly interested in academics and keeps herself updated by attending CME and seminars.","Find a Doctor International Patients Covid Vaccination Patient & Visitors Patient Portal Blog Centre Of Excellence Institute of Renal Sciences & Transplant Institute of Neuro Sciences Institute of Dental Sciences Institute of Critical Care & Anesthesiology Institute of Cardiology Institute of Child Care Institute of Minimal Access Surgery Institute of IVF Institute of Orthopedic & Spine Institute of Oncology Institute of Plastic Aesthetic Surgery Institute of Rheumatology Specialities ENT and Head & Neck Surgery Radio Diagnosis Gynaecology & Obstetrics Physiotherapy Laparoscopic Surgery Internal Medicine Respiratory Medicine and Tuberculosis Ophthalmology Dermatology, Venereology & Leprosy Nutrition & Dietetics Pulmonology Medical Package More Make Appointment Health Library Media Coverage Awards & Accreditations Centre of Excellence Contact Careers Find a Doctor International Patients Get A Second Opinion Patient Stories +91-8447333999 +91-120-2333999 Specialities Centre Of Excellence Institute of Renal Sciences & Transplant Institute of Neuro Sciences Institute of Dental Sciences Institute of Critical Care & Anesthesiology Institute of Cardiology Institute of Child Care Institute of Orthopedic & Spine Institute of Oncology Institute of Plastic Aesthetic Surgery Institute of Rheumatology Institute of Minimal Access Surgery Institute of IVF Specialities ENT and Head & Neck Surgery Radio Diagnosis Gynaecology & Obstetrics Physiotherapy Ophthalmology Dermatology, Venereology & Leprosy Laparoscopic Surgery Internal Medicine Respiratory Medicine and Tuberculosis Nutrition & Dietetics Pulmonology Find a Doctor International Patients Covid Vaccination Make Appointment About Us About Us Empanelments Leadership Health Packages Health Library News & Events Events Media Coverage Awards & Accreditations Circulars Career",https://www.shardahospital.org/doctor/dr-samta-gupta
Dr. Archana Mehta,Professor and HOD,Gynaecology,"MBBS, MD",18 years,"English ,Hindi Dr. Archana Mehta joined School of Medical Sciences & Research, Sharda Hospital in 2005 as Assistant Professor. Presently she is working as Associate Prof. OBG at SMS&R, Greater Noida with a special interest in dealing the high-risk pregnancies. Did her graduation (1993): and postgraduation (1998): from Lady Harding Medical College, New Delhi. She has been practicing as Obstetrician and Gynaecologist for the last 18 years. Presented papers at various state and national conferences. She was invited as national faculty, FOGSI and as a guest speaker at many national & state conferences. She has research publications in international journals. She is a certified endoscopic surgeon.",,"Find a Doctor International Patients Covid Vaccination Patient & Visitors Patient Portal Blog Centre Of Excellence Institute of Renal Sciences & Transplant Institute of Neuro Sciences Institute of Dental Sciences Institute of Critical Care & Anesthesiology Institute of Cardiology Institute of Child Care Institute of Minimal Access Surgery Institute of IVF Institute of Orthopedic & Spine Institute of Oncology Institute of Plastic Aesthetic Surgery Institute of Rheumatology Specialities ENT and Head & Neck Surgery Radio Diagnosis Gynaecology & Obstetrics Physiotherapy Laparoscopic Surgery Internal Medicine Respiratory Medicine and Tuberculosis Ophthalmology Dermatology, Venereology & Leprosy Nutrition & Dietetics Pulmonology Medical Package More Make Appointment Health Library Media Coverage Awards & Accreditations Centre of Excellence Contact Careers Find a Doctor International Patients Get A Second Opinion Patient Stories +91-8447333999 +91-120-2333999 Specialities Centre Of Excellence Institute of Renal Sciences & Transplant Institute of Neuro Sciences Institute of Dental Sciences Institute of Critical Care & Anesthesiology Institute of Cardiology Institute of Child Care Institute of Orthopedic & Spine Institute of Oncology Institute of Plastic Aesthetic Surgery Institute of Rheumatology Institute of Minimal Access Surgery Institute of IVF Specialities ENT and Head & Neck Surgery Radio Diagnosis Gynaecology & Obstetrics Physiotherapy Ophthalmology Dermatology, Venereology & Leprosy Laparoscopic Surgery Internal Medicine Respiratory Medicine and Tuberculosis Nutrition & Dietetics Pulmonology Find a Doctor International Patients Covid Vaccination Make Appointment About Us About Us Empanelments Leadership Health Packages Health Library News & Events Events Media Coverage Awards & Accreditations Circulars Career",https://www.shardahospital.org/doctor/dr-archana-mehta
Dr. Kunal Kumar,Professor and HOD,Department of Psychiatry,"Qualification Year M.D. (Psychiatry, Patna Medical College) 2005 M.B.B.S (Nalanda Medical College, patna) 1998","Experience Number of Years Professor (School of Medical Sciences & Research, Sharda Univ) 10 months Associate Professor(School of Medical Sciences & Research, Sharda Univ 3 yrs Assistant Professor School of Medical Sciences & Research, Sharda Univ 4 yrs Senior Resident (Safdarjang Hospital & Vardman Mahaveer Medical College) 3 yrs Total Experience 12 yrs","English ,Hindi Dr. Kunal Kumar is employed with Sharda Hospital as a Professor in the Department of Psychiatry. With excellence in the field of psychiatry, he has his interest in drug de-addiction and child psychiatry. Dr. Kumar has been serving the medical industry for last 15 years and still counting. Apart from this, he is also a member of many societies and communities that keeps on adding the new methods and procedures for psychiatric treatments.","About Dr. Kunal Kumar is employed with Sharda Hospital as a Professor in the Department of Psychiatry. With excellence in the field of psychiatry, he has his interest in drug de-addiction and child psychiatry. Dr. Kumar has been serving the medical industry for last 15 years and still counting. Apart from this, he is also a member of many societies and communities that keeps on adding the new methods and procedures for psychiatric treatments. Memberships Indian Psychiatric Society Delhi Psychiatric Society Indian Association of Private Psychiatrist Specialization Psychiatry More Related Doctors Dr. Abhinit Kumar Professor Book Appointment View all Doctors Find A Doctor Contact Us Plot No. 32-34, Knowledge Park III, Greater Noida, Uttar Pradesh - 201310 +91-8447333999 info@shardahospital.org Quick Links","Find a Doctor International Patients Covid Vaccination Patient & Visitors Patient Portal Blog Centre Of Excellence Institute of Renal Sciences & Transplant Institute of Neuro Sciences Institute of Dental Sciences Institute of Critical Care & Anesthesiology Institute of Cardiology Institute of Child Care Institute of Minimal Access Surgery Institute of IVF Institute of Orthopedic & Spine Institute of Oncology Institute of Plastic Aesthetic Surgery Institute of Rheumatology Specialities ENT and Head & Neck Surgery Radio Diagnosis Gynaecology & Obstetrics Physiotherapy Laparoscopic Surgery Internal Medicine Respiratory Medicine and Tuberculosis Ophthalmology Dermatology, Venereology & Leprosy Nutrition & Dietetics Pulmonology Medical Package More Make Appointment Health Library Media Coverage Awards & Accreditations Centre of Excellence Contact Careers Find a Doctor International Patients Get A Second Opinion Patient Stories +91-8447333999 +91-120-2333999 Specialities Centre Of Excellence Institute of Renal Sciences & Transplant Institute of Neuro Sciences Institute of Dental Sciences Institute of Critical Care & Anesthesiology Institute of Cardiology Institute of Child Care Institute of Orthopedic & Spine Institute of Oncology Institute of Plastic Aesthetic Surgery Institute of Rheumatology Institute of Minimal Access Surgery Institute of IVF Specialities ENT and Head & Neck Surgery Radio Diagnosis Gynaecology & Obstetrics Physiotherapy Ophthalmology Dermatology, Venereology & Leprosy Laparoscopic Surgery Internal Medicine Respiratory Medicine and Tuberculosis Nutrition & Dietetics Pulmonology Find a Doctor International Patients Covid Vaccination Make Appointment About Us About Us Empanelments Leadership Health Packages Health Library News & Events Events Media Coverage Awards & Accreditations Circulars Career",https://www.shardahospital.org/doctor/dr-kunal-kumar
Dr. Neerja Goel Senior,Consultant,Gynaecology,"MBBS, MD, FICOG, FAMS, FIMSA",42+ Years,"English ,Hindi Dr. Neerja Goel is a renowned Obstetrician and Gynaecologist at Sharda Hospital with more than 42 years of experience. Dr. Goel is an expert surgeon who has numerous clinical skills and effective surgical techniques.",About Dr. Neerja Goel is a renowned Obstetrician and Gynaecologist at Sharda Hospital with more than 42 years of experience. Dr. Goel is an expert surgeon who has numerous clinical skills and effective surgical techniques.,"Find a Doctor International Patients Covid Vaccination Patient & Visitors Patient Portal Blog Centre Of Excellence Institute of Renal Sciences & Transplant Institute of Neuro Sciences Institute of Dental Sciences Institute of Critical Care & Anesthesiology Institute of Cardiology Institute of Child Care Institute of Minimal Access Surgery Institute of IVF Institute of Orthopedic & Spine Institute of Oncology Institute of Plastic Aesthetic Surgery Institute of Rheumatology Specialities ENT and Head & Neck Surgery Radio Diagnosis Gynaecology & Obstetrics Physiotherapy Laparoscopic Surgery Internal Medicine Respiratory Medicine and Tuberculosis Ophthalmology Dermatology, Venereology & Leprosy Nutrition & Dietetics Pulmonology Medical Package More Make Appointment Health Library Media Coverage Awards & Accreditations Centre of Excellence Contact Careers Find a Doctor International Patients Get A Second Opinion Patient Stories +91-8447333999 +91-120-2333999 Specialities Centre Of Excellence Institute of Renal Sciences & Transplant Institute of Neuro Sciences Institute of Dental Sciences Institute of Critical Care & Anesthesiology Institute of Cardiology Institute of Child Care Institute of Orthopedic & Spine Institute of Oncology Institute of Plastic Aesthetic Surgery Institute of Rheumatology Institute of Minimal Access Surgery Institute of IVF Specialities ENT and Head & Neck Surgery Radio Diagnosis Gynaecology & Obstetrics Physiotherapy Ophthalmology Dermatology, Venereology & Leprosy Laparoscopic Surgery Internal Medicine Respiratory Medicine and Tuberculosis Nutrition & Dietetics Pulmonology Find a Doctor International Patients Covid Vaccination Make Appointment About Us About Us Empanelments Leadership Health Packages Health Library News & Events Events Media Coverage Awards & Accreditations Circulars Career",https://www.shardahospital.org/doctor/dr-neerja-goel
Dr. Rahul Kaul,Associate Professor,Orthopaedics,"Qualification Year FNB - Spine Surgery 2014 M.S. (Orthopedics-GMC, J.K) 2006 M.B.B.S(GMC, Bhopal) 2002",7 years 5 months,"English ,Hindi Dr. Rahul Kaul is working as an assistant professor with the School of Medical Sciences and Research at Sharda Hospital for the past 1 year and 10 months. He has a total work experience of 7 years and 5 months and has worked with eminent hospitals like Fortis Hospital, Vasant Kunj during his career span. He completed his MBBS from GMC, Bhopal in 2002, MS (Orthopaedics) from GMC, JK in 2006 and FNB (Spine Surgery) in 2014.",,"Find a Doctor International Patients Covid Vaccination Patient & Visitors Patient Portal Blog Centre Of Excellence Institute of Renal Sciences & Transplant Institute of Neuro Sciences Institute of Dental Sciences Institute of Critical Care & Anesthesiology Institute of Cardiology Institute of Child Care Institute of Minimal Access Surgery Institute of IVF Institute of Orthopedic & Spine Institute of Oncology Institute of Plastic Aesthetic Surgery Institute of Rheumatology Specialities ENT and Head & Neck Surgery Radio Diagnosis Gynaecology & Obstetrics Physiotherapy Laparoscopic Surgery Internal Medicine Respiratory Medicine and Tuberculosis Ophthalmology Dermatology, Venereology & Leprosy Nutrition & Dietetics Pulmonology Medical Package More Make Appointment Health Library Media Coverage Awards & Accreditations Centre of Excellence Contact Careers Find a Doctor International Patients Get A Second Opinion Patient Stories +91-8447333999 +91-120-2333999 Specialities Centre Of Excellence Institute of Renal Sciences & Transplant Institute of Neuro Sciences Institute of Dental Sciences Institute of Critical Care & Anesthesiology Institute of Cardiology Institute of Child Care Institute of Orthopedic & Spine Institute of Oncology Institute of Plastic Aesthetic Surgery Institute of Rheumatology Institute of Minimal Access Surgery Institute of IVF Specialities ENT and Head & Neck Surgery Radio Diagnosis Gynaecology & Obstetrics Physiotherapy Ophthalmology Dermatology, Venereology & Leprosy Laparoscopic Surgery Internal Medicine Respiratory Medicine and Tuberculosis Nutrition & Dietetics Pulmonology Find a Doctor International Patients Covid Vaccination Make Appointment About Us About Us Empanelments Leadership Health Packages Health Library News & Events Events Media Coverage Awards & Accreditations Circulars Career",https://www.shardahospital.org/doctor/dr-rahul-kaul
Dr. Rakesh Kumar,Professor,Orthopaedics,"Qualification Year D.N.B. (D.D.U hospital) 2014 D'Ortho(KGMC,C.S.M.M.U) 2009 M.B.B.S (M.L.B Medical College) 2002",8 years,"English ,Hindi Dr. Rakesh Kumar is working as an assistant professor with the School of Medical Sciences and Research at Sharda Hospital for the past 1 year and 3 months. He has a total work experience of 8 years and has worked with reputed and eminent hospitals during his career span. He completed his MBBS from M.L.B Medical College in 2002, D’Orthopaedics from KGMC, CSMMU in 2009 and DNB from DDU hospital in 2014. He has worked with distinguished and renowned hospital like the Hindu Rao Hospital, Prayag Hospital, Narinder Mohan Hospital and GGS Hospital.",,"Find a Doctor International Patients Covid Vaccination Patient & Visitors Patient Portal Blog Centre Of Excellence Institute of Renal Sciences & Transplant Institute of Neuro Sciences Institute of Dental Sciences Institute of Critical Care & Anesthesiology Institute of Cardiology Institute of Child Care Institute of Minimal Access Surgery Institute of IVF Institute of Orthopedic & Spine Institute of Oncology Institute of Plastic Aesthetic Surgery Institute of Rheumatology Specialities ENT and Head & Neck Surgery Radio Diagnosis Gynaecology & Obstetrics Physiotherapy Laparoscopic Surgery Internal Medicine Respiratory Medicine and Tuberculosis Ophthalmology Dermatology, Venereology & Leprosy Nutrition & Dietetics Pulmonology Medical Package More Make Appointment Health Library Media Coverage Awards & Accreditations Centre of Excellence Contact Careers Find a Doctor International Patients Get A Second Opinion Patient Stories +91-8447333999 +91-120-2333999 Specialities Centre Of Excellence Institute of Renal Sciences & Transplant Institute of Neuro Sciences Institute of Dental Sciences Institute of Critical Care & Anesthesiology Institute of Cardiology Institute of Child Care Institute of Orthopedic & Spine Institute of Oncology Institute of Plastic Aesthetic Surgery Institute of Rheumatology Institute of Minimal Access Surgery Institute of IVF Specialities ENT and Head & Neck Surgery Radio Diagnosis Gynaecology & Obstetrics Physiotherapy Ophthalmology Dermatology, Venereology & Leprosy Laparoscopic Surgery Internal Medicine Respiratory Medicine and Tuberculosis Nutrition & Dietetics Pulmonology Find a Doctor International Patients Covid Vaccination Make Appointment About Us About Us Empanelments Leadership Health Packages Health Library News & Events Events Media Coverage Awards & Accreditations Circulars Career",https://www.shardahospital.org/doctor/dr-rakesh-kumar
Dr. Anurag Prasad,Professor,Internal Medicine,"Qualification Year M.D. General Medicine (J.L.N Medical College, Ajmer) 2002 M.B.B.S. (J.L.N Medical College, Ajmer) 1998","Experience Number of Years Professor (School of Medical Sciences & Research, Sharda university) 2 yrs Professor Medicine, Rama Medical College 1.6 yrs Associate Professor, Santosh Medical College, Ghaziabad 4.1 yrs Assistant Professor Santosh Medical College 1 yr 11 months Assistant Professor, MP Shah Medical College 2 yrs 4 months Total 13 years","English ,Hindi Dr Anurag Prasad is working as a Professor in Department of Medicine. He has Special interest in Diabetes & Gastroenterology. He has many publications in various National and International Journals and presented many research papers in state and national conferences. He has organized CME for the department as well. He has 13 years of total experience in prestigious institutions and has been working in Sharda Hospital from last 2 years. He is one of the renowned doctors we have today.",,"Find a Doctor International Patients Covid Vaccination Patient & Visitors Patient Portal Blog Centre Of Excellence Institute of Renal Sciences & Transplant Institute of Neuro Sciences Institute of Dental Sciences Institute of Critical Care & Anesthesiology Institute of Cardiology Institute of Child Care Institute of Minimal Access Surgery Institute of IVF Institute of Orthopedic & Spine Institute of Oncology Institute of Plastic Aesthetic Surgery Institute of Rheumatology Specialities ENT and Head & Neck Surgery Radio Diagnosis Gynaecology & Obstetrics Physiotherapy Laparoscopic Surgery Internal Medicine Respiratory Medicine and Tuberculosis Ophthalmology Dermatology, Venereology & Leprosy Nutrition & Dietetics Pulmonology Medical Package More Make Appointment Health Library Media Coverage Awards & Accreditations Centre of Excellence Contact Careers Find a Doctor International Patients Get A Second Opinion Patient Stories +91-8447333999 +91-120-2333999 Specialities Centre Of Excellence Institute of Renal Sciences & Transplant Institute of Neuro Sciences Institute of Dental Sciences Institute of Critical Care & Anesthesiology Institute of Cardiology Institute of Child Care Institute of Orthopedic & Spine Institute of Oncology Institute of Plastic Aesthetic Surgery Institute of Rheumatology Institute of Minimal Access Surgery Institute of IVF Specialities ENT and Head & Neck Surgery Radio Diagnosis Gynaecology & Obstetrics Physiotherapy Ophthalmology Dermatology, Venereology & Leprosy Laparoscopic Surgery Internal Medicine Respiratory Medicine and Tuberculosis Nutrition & Dietetics Pulmonology Find a Doctor International Patients Covid Vaccination Make Appointment About Us About Us Empanelments Leadership Health Packages Health Library News & Events Events Media Coverage Awards & Accreditations Circulars Career",https://www.shardahospital.org/doctor/dr-anurag-prasad
Dr. Vivek Kumar Pathak,Associate Professor,ENT,Qualification Years M.S. (E.N.T -Srimanata Shankardeva University) 2013 M.B.B.S. (Dibrugarh University) 2007,"Experience Number of Years Assistant Professor (School of Medical Sciences & Research, Sharda Univ.) 1 Yr Senior Resident (School of Medical Sciences & Research, Sharda Univ.) 3 yrs Total 4 yrs","English ,Hindi Dr. Vivek Kumar Pathak is working as an Assistant Professor in the Department of E.N.T. and Head & Neck surgery. He has 7 years UG & PG teaching experience. At Sharda Hospital, he performs all aspects of E.N.T surgeries. He has a keen interest in micro-ear surgery and endoscopic sinus surgery as well as in academics also.",,"Find a Doctor International Patients Covid Vaccination Patient & Visitors Patient Portal Blog Centre Of Excellence Institute of Renal Sciences & Transplant Institute of Neuro Sciences Institute of Dental Sciences Institute of Critical Care & Anesthesiology Institute of Cardiology Institute of Child Care Institute of Minimal Access Surgery Institute of IVF Institute of Orthopedic & Spine Institute of Oncology Institute of Plastic Aesthetic Surgery Institute of Rheumatology Specialities ENT and Head & Neck Surgery Radio Diagnosis Gynaecology & Obstetrics Physiotherapy Laparoscopic Surgery Internal Medicine Respiratory Medicine and Tuberculosis Ophthalmology Dermatology, Venereology & Leprosy Nutrition & Dietetics Pulmonology Medical Package More Make Appointment Health Library Media Coverage Awards & Accreditations Centre of Excellence Contact Careers Find a Doctor International Patients Get A Second Opinion Patient Stories +91-8447333999 +91-120-2333999 Specialities Centre Of Excellence Institute of Renal Sciences & Transplant Institute of Neuro Sciences Institute of Dental Sciences Institute of Critical Care & Anesthesiology Institute of Cardiology Institute of Child Care Institute of Orthopedic & Spine Institute of Oncology Institute of Plastic Aesthetic Surgery Institute of Rheumatology Institute of Minimal Access Surgery Institute of IVF Specialities ENT and Head & Neck Surgery Radio Diagnosis Gynaecology & Obstetrics Physiotherapy Ophthalmology Dermatology, Venereology & Leprosy Laparoscopic Surgery Internal Medicine Respiratory Medicine and Tuberculosis Nutrition & Dietetics Pulmonology Find a Doctor International Patients Covid Vaccination Make Appointment About Us About Us Empanelments Leadership Health Packages Health Library News & Events Events Media Coverage Awards & Accreditations Circulars Career",https://www.shardahospital.org/doctor/dr-vivek-kumar-pathak
